,RNA_sequence,RNA_structure,Mfes,Fitness,Evals
0,GGAUUUCUAAUGUUAGAAUGGUUACGGCCAUGGUGGAUAACCACUCUCGUAAACGGGAAUCUG,((((((((......(((.(((((((.((....)).).)))))).))).......)))))))).,-16.9,0.0344827586207,0
1,CGAUUUUUGAAGUUAGACAUGUGAGCGCAUGGGUGGAAACCUACUCUGUAUAAACGGAAUCGC,(((((............(((((....)))))(((((....)))))((((....))))))))).,-11.4,0.111111111111,0
2,GGACCUCCGCAGUCGGACAGGUAACCGCCUGGCAGGGAAUCUUGUCUGGAAGACCAGGGUCUC,(((((((((....))))(((((....)))))(((((....)))))((((....))))))))).,-23.2,1.0,0
3,UGAUUUCUUAAAUAAGACAGGUAAUCGUCUGGUUGGAAAACUAAUUUGGAAGACCAGAAUCAC,.((((.(((.........))).)))).(((((((...(((....)))....))))))).....,-9.2,0.025,0
4,GGAUCUCCGAAGUCGGAGAGGUAACUGCCUCGGAGGAAAUCUUCUCUGGUACACCAGGAUCCC,(((((((((....))))(((((....)))))(((((....)))))((((....))))))))).,-24.8,1.0,0
5,GGAUUUCUUAGUUGAGACGGUUCAUCGACCGGGUGAUUAAUUACUCUAGAAUACUGGAAUCCA,(((((((...(((((((....)).))))).((((((....)))))).........))))))).,-14.4,0.0384615384615,0
6,GGAACUCCGAGGUCGGACAGGUAACCGCCUGGGAGGAAAUCUUCUCUGGAACACCAGGUUCUA,(((((((((....))))(((((....)))))(((((....)))))((((....))))))))).,-22.3,1.0,0
7,GGAGGUCCGAAGUCGGACAGUUCGCCGACUGGGUGGAAAACUACUCUGUAUAAACAGCCUCUC,((((((....((((((........))))))((((((....))))))(((....))))))))).,-20.6,0.05,0
8,GGAGCUCUGAACUCAGACAGGUAACUGCCUGGCUGUAAAAAUAGUCUGGAAAACCGGGCUCUC,(((((((((....))))(((((....)))))(((((....)))))((((....))))))))).,-20.7,1.0,0
9,GGAUCUCCGAAGUUGGACAGGUAACCGCCUGGCAGGGAAUCUUGUCUGGAAGCCCAGGAUCUC,(((((((((....))))(((((....)))))(((((....)))))((((....))))))))).,-20.6,1.0,0
10,GGAUUUCUUACGUGAGAUAGGUCAUUGCCUAGGUUGAAAACAACUCCGGUAGACCGGAAUCUC,.............(((((.((((..((((..(((((....)))))..))))))))...))))),-17.1,0.0294117647059,0
11,CGAUUUCUGAAGUUAGACAUGUGAACGCAUGCGUGGAAACCUACGCUGGAAGACCGGAAUCGC,(((((((((....))))(((((....)))))(((((....)))))((((....))))))))).,-15.1,1.0,0
12,GGAUUUUUGUAGUUAAACGGGGGAGACCCCGGGUGGUAUACUACUGUGGACAACCACAAUCUC,........(((((((..(((((....)))))..))....)))))(((((....))))).....,-20.7,0.0357142857143,0
13,GGUAUUCGUAAGAGCGACAGGUGAGCGCCUGGGUGGGAGACUGCUCUGGGAAACCGGAUGCUA,(((((((((....))))(((((....)))))(((((....)))))((((....))))))))).,-19.7,1.0,0
14,GGAUUUCUGAAGUUAGACGCGGGAGACCGCGGGUGGAACACUACUCUGGACAACCAGAAUCUC,(((((((((....))))(((((....)))))(((((....)))))((((....))))))))).,-19.7,1.0,0
15,GGAGGUCCGAAGUCGGGCAGGUCGCAGCCUGGGUGGAAAACUACUCUGUAAAAACAGCCUCUC,(((((((((....))))(((((....)))))(((((....)))))((((....))))))))).,-19.9,1.0,0
16,UGAUUUCUUAAAUAAGACAGGUAACAGCCUGGUCGGAAAACUGAUUUGGAAGACCAGAAUCAC,(((((((((....))))(((((....)))))(((((....)))))((((....))))))))).,-13.7,1.0,0
17,GGGGUUCGUAAGUGCGACAGGAUAGCUCCUGGGCGGGUGACUGCUCUGGAAUACCGGACUCUC,(((((((((....))))(((((....)))))(((((....)))))((((....))))))))).,-21.2,1.0,0
18,GGAUGUCUGUACUCAGACAGGUAACUGCCUGGCUGUAAAAAUAGUCUGGUAAACCGGUAUCUC,...((((((....))))))(((...((((.((((((....)))))).)))).)))........,-20.2,0.0384615384615,0
19,UGAAUUCUUAAUUGAGACAGUUCAACGGCUGGGUGGUUAACUACUCUGGUGGACCGGGUUCAA,(((((((....(((((....)))))(.(((((((((....)))).))))).)...))))))).,-13.9,0.03125,0
20,GCGUUUCUUAAUUGAGACAGUUGAACGACUGGGUGGAUAACCACUCUGGAAAACCGGAACGUA,(((((((((....))))(((((....)))))(((((....)))))((((....))))))))).,-17.5,1.0,0
21,CGAUUUCUGAUGUUAGACAUGGGAGCCCAUGGGAGGAAACCUUCUCUGGAAAACCGGAAUCGC,((((.((((....))))(((((....)))))(((((...)))))(((((....))))))))).,-17.4,0.25,0
22,CGAGUUCUGAAGUUAGACAUGUGAGCGCAUGGGUGGAAACCUACUCUGUAUAAACGGACUCGC,(((((((((....))))(((((....)))))(((((....)))))((((....))))))))).,-15.2,1.0,0
23,GCUAUGUUGAAGUUAGUCAGGUUAUAGCCUGGGUGGAUCACUACUCUGGGAAACCGGAUGGCG,(((((............(((((....)))))(((((....)))))((((....))))))))).,-18.7,0.111111111111,0
24,UGAUCUGUUUAGUGAUACAUGUGACCGCAUGGGCGGCUAACUGCUCUUGACACCAGGGAUCAG,((((((.(...(((...(((((....)))))(((((....))))).....))).).)))))).,-15.7,0.0555555555556,0
25,GGAUUUCUAAAAUUAGACAGGUGAGCGCCUGGGUGUAAAAAUACUCUGGAGAACCAGAAUCUU,(((((((((....))))(((((....)))))(((((....)))))((((....))))))))).,-15.0,1.0,0
26,GGAAUUCUUGAAUGAGACAGGUGUGCGCCUGGGCGGGAGACUGCCCGGGGAAACCUGAUUCUA,.............(((.(((((.....(((((((((....)))))))))...))))).)))..,-27.0,0.0384615384615,0
27,CGAUUUCUGAAGUUAGACUUGUGAGCGCAAGGGCGGACACUUGCUCUGGGAGACCGGAAUCGC,(((((((.(...((((((..(((..(((....)))..)))..).)))))....).))))))).,-18.0,0.03125,0
28,CGAUUUCCGAAGUUGGACAUGUGAGCGCAUGGGCGGAACCCUGCUCUGGGAAACUGGAAUCGU,(((((((...((((...((...(((((...(((.....))))))))))...))))))))))).,-17.0,0.030303030303,0
29,UGAUCUGUUUAGUGAUACAUGUGACCGCAUGGGCGGAUAACUGCUCUGGACACCCGGGAUCAG,(((((((((....))))(((((....)))))(((((....)))))((((....))))))))).,-16.7,1.0,0
30,CGAUUUCCGAAGUUGGACAUGUGAGCGCAUGGGCGGAUCCCUGCUCUGGGAAACCGGAAUCGC,(((((((((....))))(((((....)))))(((((....)))))((((....))))))))).,-19.2,1.0,0
31,GGAUCUCCGAAGUCGGACAGGUAACUGCCUGGGAUGAAAACAUCUCUGGAACACCAGGAUCCC,(((((((((....))))(((((....)))))(((((....)))))((((....))))))))).,-24.6,1.0,0
32,UGAAUUCUUAAUUGAGACAGUUAAUCGACUGGCUGGUUAACUAGUCUGGAGGACCGGAUUCAA,(((((((....((.(((((((((((((......))))))))).)))).)).....))))))).,-20.7,0.0285714285714,0
33,GGAGCUCCGAGGCCGGACAGGGAACCUCCUGGGAGGAAAUCUUCUCUGGAAUACCAGGCUCUC,(((((((((....))))(((((....)))))(((((....)))))((((....))))))))).,-23.3,1.0,0
34,GGAUUUCCUACGUGGGAUAGGUCAUUGCCUAGGUAGAAAACUACUCCGGUAAGCCGGAAUCUC,.......((((.((((.(((....))))))).))))........(((((....))))).....,-18.0,0.030303030303,0
35,GGAUUUCCUACUUGGGAGGGGUGAACGCCUCGGUGGAACGCUACUCCGGUAAACCGGAAUCUC,((..((((.(((...((((.(....).)))))))))))..))..(((((....))))).....,-19.6,0.0344827586207,0
36,GUAACUCCGAGGUCGGACAGGUAACCGCCUGGGAGGAGAUCUUCUCUGGAACACCAGGUUGUA,....((((.(((.(((........)))))).)))).........(((((....))))).....,-21.9,0.0285714285714,0
37,GGAGUUCGUUAGUGUGACAGGAGAGCUCCUGGGCGGGUGACUGCUCCGGAAUACCGGACUCUU,((((((((...((((..(.(((((((.(((....))).).)).)))))..)))))))))))).,-22.8,0.030303030303,0
38,GGAAUUCUUAACUGAGACAGGUGAGGGCCUGGGGGGGAGACUUCUCUGGGAAACCGGAUUCUG,.(((.((((..((....(((((....)))))..)).)))).)))(((((....))))).....,-18.4,0.0416666666667,0
39,GCGUUUCUUAAUUGAGACAGUUGAAAGACUGGGUGGAUAACUACUCUGGAAAACCGGAACGUG,(((((((((....))))(((((....)))))(((((....)))))((((....))))))))).,-15.8,1.0,0
40,GGAUUUCUGAAAUUAGACGGGGGAGACCCCGGGUGGCAUACUACUCUGGAGAACCAGAAUCUC,(((((((((....))))(((((....)))))(((((....)))))((((....))))))))).,-20.5,1.0,0
41,GGAUUUCUCAGUUGAGACGGUUCAUCGACCGGGUGAUUAAUUACUCUGAAAUAUCGGAAUCCC,(((((((((....))))(((((....)))))(((((....)))))((((....))))))))).,-15.6,1.0,0
42,AGAUUUCUGAAGUUAGACAGGGGCCCCCCUGGGUGUCAAAAUACUCUGUGAGAACGGAAUCUA,(((((((((....))))(((((....)))))(((((....)))))((((....))))))))).,-15.6,1.0,0
43,GGAGUUCGUAAGUGCGACACGAGAGGUCGUGGGCGGGUGACUGCUCUGGAAUACCGGACUCUC,((((((((.....(((((.(....))))))((((((....))))))........)))))))).,-22.6,0.0588235294118,0
44,GGAAGUCGUAAGUGCGACAGGUGAGCGCCUGGGGGGGGGACUCCUCUGGGAUACCGGUUUCUA,....(((((....))))).((((....((((((((((...)))))))))).))))........,-21.4,0.0357142857143,0
45,GGAACUCCGUGGUCGGACAUGUAACCGCGUGGGAGGAAAUCUUCUCUGGAACACCAGGUUCUA,(((((((((....))))(((((....)))))(((((....)))))((((....))))))))).,-19.8,1.0,0
46,GGAAUUCGUCAGUGCGACAGGUGAGCGCCUGGGGACGUUUGUCCUCUGGGAAACCGGAUUCUA,(((((((((....))))(((((....)))))(((((....)))))((((....))))))))).,-21.6,1.0,0
47,GGAAUUCUGAAAUCAGACAGGUGUGCGCCUGGGCGGGAGACUGCCCUGGGUAACCGGAUUCUA,(((((((((....))))(((((....)))))(((((....)))))((((....))))))))).,-24.4,1.0,0
48,GGAUCUCCGAAGUCGGACAGGUAACUGCCUGGGAAGAAAUCUUCUCUGGUACACCAGGAUCCC,(((((((((....))))(((((....)))))(((((....)))))((((....))))))))).,-24.8,1.0,0
49,GGAUCUCCGAAGUCGGACAGGUAACCGCCUGGCAGGGAACCUUGUCUGGAAGACCAGGAUCUC,(((((((((....))))(((((....)))))(((((....)))))((((....))))))))).,-22.2,1.0,0
50,GGAAUUCUUAAAUGAGACAGGUGUGAGCCUGGGCGGGAGACUGCCCUGGGAAACCGGAUUCUA,(((((((((....))))(((((....)))))(((((....)))))((((....))))))))).,-23.0,1.0,0
51,GGUUUUCUGAAGUUAGACGGGGGAGACCCCGGGUGGAUCACUACUCUGGACACCCAGAAGCUC,(((((((((....))))(((((....)))))(((((....)))))((((....))))))))).,-20.5,1.0,0
52,UGAUUUCUUAAAUGAGACAGGUAACCGCCUGGUUGGUAAACUAAUUUGGAAGACCAGAAUCAC,(((((((((....))))(((((....)))))(((((....)))))((((....))))))))).,-12.0,1.0,0
53,GGUAUUCGUAAGUGCGACAGGUGAGCGCCUGGGUGGGAGACUGCUCUGGGAAACCGGAUACUA,(((((((((....))))(((((....)))))(((((....)))))((((....))))))))).,-19.5,1.0,0
54,GGAGCUCCGAGGCCGGACAGGGAACCUCCUGGGAGGCAAUCUUCUCUGGAACACCAGGCUCCC,(((((((((....))))(((((....)))))(((((....)))))((((....))))))))).,-24.7,1.0,0
55,AGAUUUCUGAAGUUAGACAGGAGCUCUCCUGGGUGUCAAAAUACUCUGUGAAAACGGAAUCUA,(((((((((....))))(((((....)))))(((((....)))))((((....))))))))).,-13.7,1.0,0
56,GGAUUGCCGAUAUCGGUCAGCUGCGCGGCUGGGUGGAAAACUACUUCGUAAGUACGGAAUCUC,(((((((((....))))(((((....)))))(((((....)))))((((....))))))))).,-16.4,1.0,0
57,GGAUUGCCGAUAUCGGUCAGGUGCGGGCCUGGCUGGAAAACUAGUUCGUAAGAACGGAAUCUC,(((((.((.....(((((((((....)))))))))........((((....))))))))))).,-21.0,0.047619047619,0
58,GGAAUUCCUAGGUGGGACGCGUGGACGCGUGGGCGGGAGACUGCUCUGGGAAACCGGAUUCUA,(((((((((....)))(((((....)))))((((((....))))))(((....))))))))).,-22.3,0.166666666667,0
59,GGAGUUCGUUAGUGCGACAGGACAGCUCCUGGGCGCGUGAGUGCUCCGGAAUACCGGACUCUC,(((((((((....))))(((((....)))))(((((....)))))((((....))))))))).,-25.0,1.0,0
60,GGAUUUCUGAAGUCAGACAGGCAACAGCCUGGGUGGAAAACUACCCCGGGGCGCCGGAAUCUC,(((((((((....))))(((((....)))))(((((....)))))((((....))))))))).,-24.8,1.0,0
61,GCUAUGCUGAAGUUAGUCAGGUGAUAGCCUGGGUGGAUCACUACUCUGGGAAACCGGAUGGCG,(((((((((....))))(((((....)))))(((((....)))))((((....))))))))).,-20.8,1.0,0
62,GGAGCUCCGAGGUCGGACAGGUAAGCGCCUGGGAGGAAAUCUUCUCAGAAAUAUCUGGCUCUC,(((((((((....))))((((((.....((((((((....))))))))...))))))))))).,-22.8,0.0769230769231,0
63,GGAUCUCCGAAGUCGGACAGGUAACUGCCUGAGAGGACAUCUUCUCUGGUACACCAGGAUCCC,(((((((((....)))...(((...((((.((((((....)))))).)))).))).)))))).,-24.0,0.0555555555556,0
64,GGAUUUCUUACGUGAGAUAGGUGAUUGCCUAGGUGGAAAACUACUCCGGAAACCCGGAAUCUC,(((((((((....))))(((((....)))))(((((....)))))((((....))))))))).,-16.0,1.0,0
65,UGAUCUGUUUAGUGAUACAUGUGACCGCAUGGGCGGAUAACUGCUCUGGACACCCGGGAUCAG,(((((((((....))))(((((....)))))(((((....)))))((((....))))))))).,-16.7,1.0,0
66,GGUUCUCCGAAGUCGGACAGGUAACCGCCUGGGAGCAAACGUUUUCUGGAACACCAGGAGCUC,(((((((((....))))(((((....)))))(((((....)))))((((....))))))))).,-19.4,1.0,0
67,GGAUUUCUUAAGUGAGGAAGGUGACCGCCUUGUAUGAGUACAUAUCUGGAGUGCCGGAAUCUU,(((((((((....))))(((((....)))))(((((....)))))((((....))))))))).,-11.2,1.0,0
68,UGAUUUCCGACUUCGGACAGAUAACCGUCUGUGUGCAAUAGUACAUUGGAAGACCAGAAUCAC,(((((((((....)))((((((....))))))((((....))))..(((....))))))))).,-16.4,0.2,0
69,GCGAUUCUUAAGUGAGACAGGGGUCCCCCUGGGUGGAUAUCUACUCUUUGAGAAGGGAUUGUG,(((((((((....(((.(((((....)))))(((((....)))))))).....))))))))).,-18.3,0.111111111111,0
70,GGAUCUCCGUAGUCGGACAGGUAACUGCCUGGGGGGAAAUCUUCUCUUGAACACGAGGAUCCC,((((((.(((..(((..(((((....)))))((((((....)))))))))..))).)))))).,-20.9,0.0588235294118,0
71,GGGUCUCCGAAGUCGGACAGGUAAAUGCCUGGGAUGAAAACAUCUCUGGAACACCAGGAUCCC,(((((((((....))))(((((....)))))(((((....)))))((((....))))))))).,-24.0,1.0,0
72,GGAGUUCGUAAGUGCGACAGGCGAGCGCCUGGGCGGGCGACUGCUCUGGAAUACCGGACUCUC,((((((((...(((...((((((..(((((....)))))..))).)))...))))))))))).,-25.3,0.0322580645161,0
73,GGAGUUCGUAAGUGCGACAGUAGUGCUGCUGGGCGGGUGACUGCUCUGGAAUACCGGACUCUC,((((((((..(((((.......)))))...((((((....))))))........)))))))).,-20.3,0.037037037037,0
74,GGAAUUCGUAAGUGCGACGGGUCAGCGCCCGGGUGGGAGACUGCUCUGGGAAACCGGAUUCUA,(((((((((....))))(((((....)))))(((((....)))))((((....))))))))).,-20.6,1.0,0
75,GCUAUGCUGAAGUUAGUCAGGCGAUAGCCUGGGUGGAUCACUACUCUGGGAAACCGGAUGGCG,(((((((((....))))(((((....)))))(((((....)))))((((....))))))))).,-23.1,1.0,0
76,GCAAUUCUUGAUUGAGACAGGCCACCGCCUGGUUUGAUGACGAACAUGGAACACCGUAUUGUG,(((((((((....))))(((((....)))))(((((....)))))((((....))))))))).,-15.3,1.0,0
77,GGAUCUCCGAAGUCGGACACGUAACCGCGUGGCAGGGAAUCUUGUCUGGAAAACCAGGAUCUC,(((((((((....))))(((((....)))))(((((....)))))((((....))))))))).,-21.4,1.0,0
78,GGAUUGCCGAUAUCGGUCAGGUGCGCGCCUGGGUGGAAAACUACUUCGUAAGUACGGGAUCUC,(((((((((....))))(((((....)))))(((((....)))))((((....))))))))).,-16.7,1.0,0
79,GGAGCUCCGAGGCCGGACCGGGAACCUCCGGGGAGGAAAUCUUCUCUGGAACGCCAGGCUCUC,(((((((((....))))(((((....)))))(((((....)))))((((....))))))))).,-25.0,1.0,0
80,CGAUUUCCGAAGUUGGACAUGUGAGCGCAUGGGCGGAACCCCGCUCUGGGCAACCGGAAUCGC,(((((.(((..((((..((...(((((...(((.....))))))))))..)))))))))))).,-22.3,0.03125,0
81,GGAUCUCCGAAGUCGGACAGGUAACCGCCUGGCACGGAAUCGUGUCUGGAGGACCAGGAUCUC,(((((((((....))))(((((....)))))(((((....)))))((((....))))))))).,-24.1,1.0,0
82,GCAAUUCUUGAGUGAGACAGGGGCCCCCCUGGGUGGAUAACUACUCUGGGAGACCGGAUUGUG,(((((((((....))))(((((....)))))(((((....)))))((((....))))))))).,-19.5,1.0,0
83,CGGUUUCUGAAGUUAGACAUGUGAGCGCAUGCGUGGAAACCUACGCUGGAAGACCGGAACCGC,(((((((((....))))(((((....)))))(((((....)))))((((....))))))))).,-17.1,1.0,0
84,GGAAUUCAUAAGUGUGACAGGUGAGGGCCUGGGGGGGAGACUUCUCUGGGAAUCCGGAUUCUG,(((((((((....))))(((((....)))))(((((....)))))((((....))))))))).,-17.5,1.0,0
85,GGAUCUCCGAAGUCGGACAGGUAACCGCCUGGCAGGGGAUCUUGUCUGGAAGACCAGGAUUUC,((((((((...(((((...((...))..))))).))))))))..(((((....))))).....,-20.9,0.0322580645161,0
86,GUAGCUCCGUGGUCGGACAGGUAACCGCCUGGGAGGAAAUCUUCUCUGAAAUAUCAGGCUAUC,(((((((((....))))(((((....)))))(((((....)))))((((....))))))))).,-20.7,1.0,0
87,GGAUUGCUGAGGUCAGUCAGGUGCCCACCUGGGUGGAAUACUGCUUCGUAAGAACGGAAUCUC,(((((.((((((.((((....(((((....)))))....))))))))).......).))))).,-16.9,0.0294117647059,0
88,GGAUUUCUGAAAUCAGAUAGGGGAUCUCCUAGGUGGGAAGCUACUUUGGAAAACCAGAAUCUC,.(((((...)))))((((...((...(((.((((((....)))))).)))...))...)))).,-14.3,0.0344827586207,0
89,UGAUUUGCGAAUUCGUACAGAUAACGGUCUGGGUGGAAAACUACUUUGCAAGAGCAGAAUCAC,(((((((((....))))(((((....)))))(((((....)))))((((....))))))))).,-14.1,1.0,0
90,GCGUUUCUUAAUUGAGACAGUUGAACGACUGAGUGGAUAACUACUCUGGAACACCGGAACGUG,((((((((((((((...)))))))......((((((....)))))).((....))))))))).,-15.9,0.0434782608696,0
91,GCGCUUCUUAAUUGAGACAGUUGAGCGACUGGGUGGAUAACUACUCUGGAAAACCGGAGCGUG,(((((((((....))))(((((....)))))(((((....)))))((((....))))))))).,-17.6,1.0,0
92,GGAAUUCGUAAGUGCGACGGUUGAGCGGCUGGGCAGGUGUCUGCUCUGGAAAACCGGAUUCUA,(((((((((....))).(((((...(((...(((((....))))))))...))))))))))).,-17.8,0.0714285714286,0
93,GGAAUUCGUAAGUGCGACGGGUGAGCGCCUGGGCAGGUGUUUGCUCUGGCAAACCGGAUUCUA,((((((((....(((.(.((((((((((((....))))))))))))).)))...)))))))).,-28.7,0.030303030303,0
94,GCAAUUCCUGAUUGGGACAGGUGACCGCCUGGUUGGAUGACUAACAUGGAAGACCGUAUUGUG,(((((((((....))))(((((....)))))(((((....)))))((((....))))))))).,-16.0,1.0,0
95,CGAGUUCCGAAGUUGGACAUGUGAGCGCAUGGGCGGAACCCUGCUCUGGGAAGCCGGACUCGC,(((((((((....))))(((((....)))))(((((....)))))((((....))))))))).,-21.2,1.0,0
96,UGAUUUCUGAAGUUAGACGGGGGAGACCCCGGGUGGAUUACUACUCUGGACAACCAGAAUCAC,(((((((((....))))(((((....)))))(((((....)))))((((....))))))))).,-20.9,1.0,0
97,GCAAUUCUUGAUUGAGACACGUGAUCGCGUGGUUGGAUCACUAACAUGGAAGACCGUAUUGUG,(((((...(((((.(..(((((....)))))..).))))).....((((....))))))))).,-13.8,0.0384615384615,0
98,GGAUCUCCGAAGUCGGAUAGGUAACUGCCUAGCAGGGAAUCUUGUCUGGAAGACCAGGAUCUC,(((((((((....))))(((((....)))))(((((....)))))((((....))))))))).,-20.2,1.0,0
99,GGAAUUCGUAAGUGCGACGGGAGAGCUCCUGGGCAGGUGUCUGCUCUGGGAAACCGGAUUCUA,(((((((((....))))(((((....)))))(((((....)))))((((....))))))))).,-21.0,1.0,0
100,UGAAUUCUUAAUUGAGACAGUUCAUCGACUGGGUGGUUAACUACUCUGGAGGACCGGAUUCAA,(((((((((....))))(((((....)))))(((((....)))))((((....))))))))).,-13.6,1.0,0
101,UGAUUUGCGAAUUCGUACAGAUAACGGUCUGGGUGGAAAACUACUUUGGAAGACCAGAAUCAC,(((((((((....))))(((((....)))))(((((....)))))((((....))))))))).,-13.6,1.0,0
102,GCGUUUCUUAAUUGAGACAGUUGAACGACUGGGUGGAUAACUACUCUGGAAAACCGGAACGUG,(((((((((....))))(((((....)))))(((((....)))))((((....))))))))).,-15.2,1.0,0
103,GGAUCUCCGAAGUCGGACAGGUAACCGCCUGGCAGGGAAUCUUGUCUGGAAGACCAGGAUCUC,(((((((((....))))(((((....)))))(((((....)))))((((....))))))))).,-22.2,1.0,0
104,CGAUUUCUGAAGUUAGACAUGUGAGCGCAUGGGUGGAAACCUACUCUGUAUAAACGGAAUCGC,(((((((((....))))(((((....)))))(((((....)))))((((....))))))))).,-12.9,1.0,0
105,GGAUUUCUUACGUGAGAUAGGUGAUUGCCUAGGUAGAAAACUACUCCGGUAAACCGGAAUCUC,(((((((((....))))(((((....)))))(((((....)))))((((....))))))))).,-15.9,1.0,0
106,GGAAUUCGUAAGUGCGACAGGUGAGCGCCUGGGUGGGAGACUGCUCUGGGAAACCGGAUUCUA,(((((((((....))))(((((....)))))(((((....)))))((((....))))))))).,-19.3,1.0,0
107,UGAUUUCUUAAAUAAGACAGGUAACAGCCUGGUUGGAAAACUAAUUUGGAAGACCAGAAUCAC,(((((((((....))))(((((....)))))(((((....)))))((((....))))))))).,-11.8,1.0,0
108,GGAAUUCGUAAGUGCGACGGGUGAGCGCCUGGGCAGGUGUCUGCUCUGGGAAACCGGAUUCUA,(((((((((....))))(((((....)))))(((((....)))))((((....))))))))).,-20.9,1.0,0
109,GGAAUUCGUCUGUACGACAGGUGAGCGCCUGGGCAGGUGUCUGCUCUGGGAAACCGGAUUCUA,(((((((((....))))(((((....)))))(((((....)))))((((....))))))))).,-21.0,1.0,0
