,Target,sequence,structure,distance,energy
0,(((((......))))),CCGCCGAAAAAGGCGG,(((((......))))),0,-9.300000190734863
1,(((((((....(((...........)))((((((((..(((((((((((((((((((...(((((......))))).)))))).)))))))))))))..))))))))..))))))),ACAGGUCAAAAGCGGAAAAAAAAAACGCCCGACCGGAUCGGGCCGGUCACACCUGGUGAGCGCGCGGAAAAGCGCGAACCAGGUUGUGACCGGCCUGUGCCGGUCGGACGACCUGU,(((((((....(((...........)))((((((((..(((((((((((((((((((..((((........))))..)))))).)))))))))))))..))))))))..))))))),4,-80.30000305175781
2,((((((.((((....))))))).)))..........,CGGGACGCCCGGAAACGGGGUCACCGAAAAAAAAAA,((((((.((((....))))))).)))..........,0,-16.299999237060547
3,((((((((((((((.((((((...........((((((((((((.....((((((((....(((((((((((((........))))))))))....))))))))....))))))....)))))...((((((.......))))))))))............)))))).))))....))))))...))))...,GGUCACCGGGGGGGGGGGUAAAAAAAAAAAAUAGCGGGGCCGCAGAAACCGCCGGAGGAAUCGCCUCGGGGCAAGAAAAAAAUUGCCCCGAGAAAAGCGCUCCGUAAAGCGUGCAAAGGGCCCUAACCCGGGGAAAGAACCCGGGCGCUUAAAAAAAAGAGUUACCCGCCCUAAAGCCCGGUAAGGGCCAAA,((((((((((((((.((((((...........(((((((((........((((((((....(((((((((((((........))))))))))....))))))))....))).......)))))...((((((.......))))))))))............)))))).))))....))))))...))))...,6,-92.30000305175781
4,..(.(..((((((....))))))..).)......((((..(((.(((((((((....)))))....)))))))))))..((((((((....))))))))..,UACGCUGGCCCCGGAAACGGGGCUGGGGAAAGAAUCGGAUCCCGCCUGUGGGGGGAACCCCAGAAUCAGGGGGUCGAAACGCAAACGGAAACGUUUGCGGA,..(.(((((((((....))))))))).)......((((..(((.(((((((((....)))))....)))))))))))..((((((((....))))))))..,4,-54.70000076293945
5,(((((((((((........)))).((...............))....(((((.......))))))))))))....(((((((..((((........))))(((.............)))....(((((.......))))))))))))....(((((((..((((........))))((((((.......))))))....(((((.......))))))))))))....(((((((..((((........))))((((((.......))))))....(((((.......))))))))))))....(((((((..((((........))))((((((.......))))))....(((((.......))))))))))))....,CCGGUGGGCCCAAAUAAAAGGGCGGGGAGAAAAGAAAGAAACCAAAAUACACGAAACAAGUGUACCACCGGAAACGACACGCUACCCCAAAAAAAAGGGGCCCGAAAAAAAAAAAAGGGUAAGGGCCUGAAAAAAAGGCCGCGUGUCAAAACGGAGCCUGGGCCGGAAAAAAGGUCGCGGGCGAAAAAAGCCCGCAAGGGAGGGGAAAAAAUCCUCGGUUCCGGAAACUGCCCGGAGGGUCAAAAAAAACCCGGUCCGGAAAAAACGGACCAAAUCAAGAGAAAAAAUCUUGCGGGCAGAAAAGGCUGGCUAGCCGGAAAAAAACGGCCGCCUAGAAAAAAUAGGCGAAAAGACCAGAAAAAAUGGUCGCCAGCCAAAA,(((((((((((........)))).((...............))....(((((.......))))))))))))....(((((((..((((........))))(((.............)))....(((((.......))))))))))))....(((((((..((((........))))((((((.......))))))....(((((.......))))))))))))....(((((((..((((........))))((((((.......))))))....(((((.......))))))))))))....(((((((..((((........))))((((((.......))))))....(((((.......))))))))))))....,0,-161.8000030517578
6,.....((((((((...((((((((((..((((..........))))..((((..........))))..((((..........))))..))))))))))...((((((((((..((((..........))))..((((..........))))..((((..........))))..))))))))))...((((((((((..((((..........))))..((((..........))))..((((..........))))..))))))))))...)))))))).....,UAAAACACGGCAAAGCGGGGCGUCAGACGUCGGAAGAGAAAACGACAACGCCGAAAUAAAAAGGCGACGACCGAAAAAAAAAGGUCAACUGACGCCCCAAAGGCGGGCCGGGAUCACGAGAAAAAAAGUGAAAACCUGAAAGAAGAAAGGUAAGGUCGAAAAAAAAAGACCAACCGGCCUGCCAAAGCGCCGUGCUAAACGAGAAAAAAAAAUCGUAACGGGGAAAAAAAAACCCGGAAGCUGAAAAAAAAAAGCUAAAGCACGGCGCAAAUUGCCGUGGAAAA,.....((((((((...((((((((((..((((..........))))..((((..........))))..((((..........))))..))))))))))...((((((((((..((((..........))))..((((..........))))..((((..........))))..))))))))))...((((((((((..((((..........))))..((((..........))))..((((..........))))..))))))))))...)))))))).....,0,-114.4000015258789
7,((((...)))).,CCCCAGAGGGGA,((((...)))).,0,-5.599999904632568
8,(((.(((((((...))))..))))))...(((.(((((((...))))..))))))...(((.(((((((...))))..))))))...(((.(((((((...))))..))))))...(((.(((((((...))))..))))))...(((.(((((((...))))..))))))...(((.(((((((...))))..))))))...(((.(((((((...))))..))))))...(((.(((((((...))))..)))))),AGCAGGGGCCGAAACGGCGACCCGCUAAAGAUAUGGACCGAAACGGUGACCAAUCAAAAGGCGGUUCGGAUACCGACUACCCCUAAACGAUGCCCGCGAAACGCGAAGGCUCGAAACCCACCCAGCCAAAGGCUCAGGGGGGAGACGCGCCCACGGAAACCGUAAGGGGCGGACGUGCAGCGACCAAAGGUCAGGCUCACAACGCAUGCUGCGGACACCGCUAAGCUGCAAAGGCACCAGUCGAAACGACAAUGGGCC,(((.(((((((...))))..))))))...(((.(((((((...))))..))))))...(((.(((((((...))))..))))))...(((.(((((((...))))..))))))...(((.(((((((...))))..)))))).....(((((((((...))))...)))))...(((.(((((((...))))..))))))...(((.(((((((...))))..))))))...(((.(((((((...))))..)))))),4,-96.19999694824219
9,..........((((....))))((((....))))((((...)))),GAAAAAAAAGGGGAGAAAUCCCGCCCGAAAGGGCGCCCAAAGGGC,..........((((....))))((((....))))((((...)))),0,-18.700000762939453
10,((((((.((((((((....))))).)).).)))))),CCGCCUGCCGUGGACGAAAGUCCAUCGAGGAGGCGG,((((((.((((((((....))))).)).).)))))),0,-22.899999618530273
11,((((....))))...(((((((..(((((((.......))))))))))))))...((((((((......(((((((.(((((((.......))))))))))))))...((((((((((((((.......))))))).)))))))......))))))))...((((((((((((((.......)))))))..)))))))...((((....)))),UUGAGAAAUCAGAAAUCCUGGCCGGCCGGGGGAAAAAACCCCGGCGCCAGGAAAACCCGGGGUAGAGAAGGUAGCUCACCCGGAGAAAAAAUCCGGGUAGCUACCAAACGCCCAAUGCCGGCGGAGAAAGCCGGCAUUUGGGCGGAAAAAACCCCGGGAACGGUCGGCCACUGCUGACAAAAAGCAGUGAUGCCGACCAAACGGCGAAAGCCG,((((....))))...(((((((..(((((((.......))))))))))))))...((((((((......(((((((.(((((((.......))))))))))))))...((((((((((((((.......))))))).)))))))......))))))))...((((((((((((((.......)))))))..)))))))...((((....)))),0,-131.60000610351562
12,((((((((((((((((((((((((((...))))))....)))))))....))))))....))))))),CGGGACCCCGGUCACGGCGGUCCCGGACACCGGGAGAACCCGCCGUUAAAGACCGGCAAAGGUCCCG,((((((((((((((((((((((((((...))))))....)))))))....))))))....))))))),0,-45.0
13,.....((...((....))...((....))...((....))...((....))...((....))...((....))...))....................,UAUGACCAGAGGGAAACCAACGCGAAAGCAAAGGGAGACCAACGGGAAACCAAAAGGAAACUAACGCAAAAGCAAAGGGAAAAAAAAAAAAAAAAAAC,.....((.(..((...((...((....))...))....))..).))...((....))........((....)).........................,20,-8.399999618530273
14,(((((.....))..((.........))))),GGCGCGCAAAGCAACCGAAAAAAAAGGGCC,(((.(....................).))),6,-4.0
15,............((....))...((...((....))..((...((....))...))..((....))...))..((....))........................,GAAUAAAAAAGAGGGAAACCAAACCAAAGGGAAACCAACCGAGGGGAAACCAAAGGAACGGAAACGAAAGGCAGCGAAAGCAAAAAAAAAAAAAAAAAAAAAAAA,............((....((........))....))..((...((....))...))..((....)).......((....))........................,8,-10.199999809265137
16,.....((....((....))....((....))....((....))....((....))....((....))....((....))....))....................,UAAAAGGGGAACUGAAAAGGAAAGCGAAAGCAAACGGGAAACCAAAACGGAAACGAAAACCGAAAGGAAACGCGAAAGCAGGACCAGAAAAAAAGAAAAAAAAAA,.......((..(((.........(((.........((....))....((....))....((....))...))).....)))..))....................,16,-11.300000190734863
17,((((((.....(((....(((...(((((.............)))))....)))..)))..)))))),GGUCCUGAAAGUCGGAAGCGCAAAGCCGGGAAAAAAAAGAAACCGGCGGAGGCGAACGAAGAGGACC,((((((.....(((....(((...(((((.............)))))....)))..)))..)))))),0,-26.200000762939453
18,.....((((.(((((....)).))).(((.(((....)))))).((((((....)).)))).(((((....))).)))))).......................,ACUACGCCCAGGGGGGAAACCGCCCACACUCCGGAAACGGGUGAGGACUCGAAAGAUGUCCAGGGCCGAAAGGCACCGGGCAAAAAAAAAAAAAAAAAAAAGAA,.....((((.(((.((...)).))).(((.(((....)))))).((((((....)).)))).(((((....))).)))))).......................,2,-37.0
19,(((((((.(.(.(.(((((((....))))))))))))))))),GGUGCCCUGAGUGAGCCGGGUGAGAGCCCGGCCCCGGGCACC,(((((((.(.(.(.(((((((....))))))))))))))))),0,-28.200000762939453
20,.....((((((((....))))((((.((((....))))(((((....))))).((((....))))))))((((....))))))))....................,AAGAAUCCCGGGCGAAAGCCCGCCCUUACGGAAACGUGCCGCCGGAAGGCGGACGUGGAAACACGGGGCCCGCGAAAGCGGGGGAAAAAAAAAAAAAAAAAAAAA,.....((((((((....)))))(((.((((....))))(((((....))))).((((....)))))))(((((....))))))))....................,2,-44.900001525878906
21,................................................................................................................................................................................................................................................................................................................................................................................................................,AAAAGAAAAAAAAAAAAAAAGAAAAAAAAAAAGAAAAAAGAAAAAAAAAAAAGAAAAAAAAAAAAAAAAAGAAAACAAAAAAAAAAAGAAAAAAAAGAAAGACAAAAAAAAAAAAAAAAAAAAAAAAAGAAAAAAAAAUAAAAAAAAAAAAAGAUAAAAAAAAAAAAAAAAAAAAAAAAAAAAAAAAAAAAAAAAAAAAAAAAAAAAAAAAAAAAAAAAAAAAAAAAAGAAAAAAAAAAAAAAAAAGAAAAAAAAGAAAAAAAAAAAAGAAAAAAAAAACGAAAAAAAAAAAAAAAAAAAAAAAAAAAAAAAAAAAAAAAAAAAAAAAAGAAAAAAAAAAAAUAAAAAAAAAAAAAAAAAAAAAGAAAAAAAAAAAAAAAAAAAGAAAAAAAAAAAAAAA,................................................................................................................................................................................................................................................................................................................................................................................................................,0,0.0
22,((....)).((....)),GCGAAAGCAGGGAAACC,((....)).((....)),0,-2.200000047683716
23,.....(.((((..(((((........)))))..(((.(((.(((((.....))))).((((....)))).))))))..)))).)....................,GAAAAGUGGCCACGGCACGAAAAAAAGUGCCAACCCGUCCACCCUUGAAAAAAGGGACGGCAAAAGCCGAGGAGGGACGGCCUCAAAAAAAAAAAAAAAAAAAA,.....(.((((..(((((........)))))..(((.(((.(((((.....))))).((((....)))).))))))..)))).)....................,0,-34.599998474121094
24,(((.....(((.....(((.....(((.....(((........))).))).))).))).))),GGCAACAAGGGAAAAACGUGAAAUGCCGAAAGCCAGAAAAAAAUGGAGGCUGCGGCCCGGCC,((((...(.(......).)....)))).....(((........))).(((....))).....,22,-13.800000190734863
25,..((((((((.....)).))))))..,AAGGGGCGCAGAAAAUGACGCCCCAA,..((((((((.....)).))))))..,0,-14.0
26,.....(((((.(.(.((.(.(((((((((....))))))))))))))))))).....,UGCAACCCGCUGAGACCACGUGGGGGGCCGAAAGGCCCCCUAGGGCCGCGGGAAAAA,.....(((((.(.(.((.(.(((((((((....))))))))))))))))))).....,0,-32.400001525878906
27,...((((..(((((.....)))))..(((((...)))))..(((((.....)))))..(((((...)))))..(((((.....)))))..(((((.....))))).((((((((((((((((((((((((((((......))))).(((((.............((((.........................................)))).............)))))(((((....))))).)))))))))))))))))))))))..(((((.....)))))..(((((.....)))))..(((((.....)))))..(((((.....)))))..(((((....)))))..(((((.....))))).))))...,AAAGCCAACGACGCGAAAAGCGUCAAUGGGCAAAGCCCAAACAGUCGAAAAGACUGAAUUGUGAAACACAAAAACCGCGAAAAGCGGUAACCAGGGAAAACCUGGAGCGGAGCCGGCCCGGCAGGGCGAUCUGGGCAAGACCAGACGCCCCGAAAAAAAAAGAGGGCAGAGAGAAAAAAAAAAAAAAAGAAAAAAAAAAAAAAAAAAGAUGCCAGAAAAAAAAAUAGGGGCCGGCGGAAACGCCGCUCGCCCUGCCGGGUCGGCUCCGCACGGCCCGAUAAGGGCCAACCCGUGAAAAACGGGAACCGAGGAAAACUCGGAAAGCUGGAAAACAGCUAACCGGGGAGACCCGGAAGCACGGAAAAUGUGCAUGGCAUA,...((((..(((((.....)))))..(((((...)))))..(((((.....)))))..(((((...)))))..(((((.....)))))..(((((.....))))).((((((((((((((((((((((((((((......))))).(((((.............((((.........................................)))).............)))))(((((....))))).)))))))))))))))))))))))..(((((.....)))))..(((((.....)))))..(((((.....)))))..(((((.....)))))..(((((....)))))..(((((.....))))).))))...,0,-194.47000122070312
28,.....((((((((..((((....))))..)))).((((..(...)..)))).((((..(..(((.....)))..)..))))))))....................,CCACAGGUAGCCGGAGCUGGAAGCGGCGACGGCAGGGCUGCAAAGUGGCCCUACCCAGGUGCAGGAAAACUGUGCAGGGGUUGCCAAAAAAGAAAAAAAAAAAAA,.....((((((((..((((....))))..))))((((((((...))))))))((((..((((((.....))))))..))))))))....................,10,-44.400001525878906
29,.(((((((((((...)))))....)))))).,UGCCACCCCGCCAAAGGCGGUAAUGGUGGCA,((((((((((((...)))))....))))))),2,-19.299999237060547
30,.....((((.((((((.(((.(((((.((((.((((.((.((.((.((.((.((.....)))))))))))))))))))))))))))))))))))))).....,CUAAAGACCUGACAGGUGCUGCGGGGAGGUGAGGGGUGGAGUAGGACCGUCGCGGAAAACGGAGGCCACCCCCCCCACCCCCCGAGCCCUGUCGGUCAGAAA,.....((((.((((((.(((.(((((.((((.((((.((.((.((.((.((.((.....)))))))))))))))))))))))))))))))))))))).....,0,-60.5
31,.............................((((......((((....((((...((((..((((.((((.....)).)).)).))..)).))...)).)).....)).))......)).)).,ACAAAUGGGAAAAAAAAAAUAAAACAAAACGCCAUAAAGCCCCAAAGACGGAGGGCCAGGGCGGGGGGGGAAAACCACCGCCAGCAAUGAGCAAGCCAGUAAAAGGGAGGAAAAAGGGUCGA,.............................((((......((((....((((...((((..((((.((((.....)).)).)).))..)).))...)).)).....)).))......)).)).,0,-29.0
32,.......(.(.(.(.(.((.((.(....).)).)).).).).).),AAAAAAAGGGGGGUGGGGGGGCGGGGAACGGCGCCGCGAGCGCGC,.......(.(.(.(.(.((.((.(....).)).)).).).).).),0,-16.799999237060547
33,.....((((.(((((....))))).(((....))).)).))....((((.(((....))).(((....))).))))....................,GUAAAGUGGACGGACGAAAGUCCGAGGGGAAACCCACCGACAAAACCGGACGGGGAACCGACCGGAAACGGACCGGGAAAAAACAAAAAAAGAAAA,......(((.(((((....))))).(((....))).(((......((((.(((....))).))))...))).))).....................,11,-27.700000762939453
34,.(((.(((...(((.(((...))).(((....))).)))...(((.(((....))).(((...))).)))...(((.(((....))).(((...))).)))...))).(((...))).)))..,AGGGAGGGAGAGGUAGGGACACCCAGCCGAAAGGCAACCAACGGGAGUGGAAACACAGCGAAACGCACCCAAAGGCCCUGGAAACGGACGGACACCGAGCCAAACCCACGCAAAGCGACCCAA,.(((.(((...(((..((....((..(((..(((...((...(((.(((....))).(((...))).)))...)).))).....)))..))...))..)))...))).(((...))).)))..,24,-31.299999237060547
35,.....(((((((...((((...((((...((((.........(((((............)))))...))))....((((..........))))...))))...(((........)))...))))..((......))...))))))).....,GAACCGCUGCCCAAACCUGAACGGCCAAAGGACGAAAAAACGCAGUCGAAAGAAAAAAAGACUGAAAGUCCAAACGGUUGAAAAAAUAAAGCCAACGGCCAAACCCGAAAAAAAGGGAAACAGGAAUCGAAAAAGAAAAGGGCAGCAAAAA,.....(((((((...((((...((((...((((.........(((((............)))))...))))....((((..........))))...))))...(((........)))...))))..((......))...))))))).....,0,-39.400001525878906
36,.....((.((..(((((.(((....)))(((....)))))).....((((((....)))(((....))).)))))..)).)).....................,CCAACAAGGGGACCGCCAGCCGAAAGGCCCGGAAACGGGGCAAUAUUGCGGGGCGACCCGGGGAAACCCAGCAGGGACCGUUUACACAAAAAAAAAAAAAAAA,.....((.((..((((...((....))((((....))))(((....)))(((....)))(((....))).)).))..)).)).....................,10,-31.299999237060547
37,...((....))....(((((((((.........)))))))))....((((.....)))).....(((....)))...(((((.......)))))....(((...((....)).....(((....)))....((((((.......))))))....(((....))).....((((((....(((.......)))..(((........)))...(((((......)))))...((((.....))))..)))))).........((....)).....((....))......(((((..........)))))......))),UAAGCGAAAGCAAAACUGCGAGGGGAGAAAAAACCUUCGCGGAAAAGCGCGAAAAGCGCAAAACGCUGAAAGGCAAACCCCAGAAAAAAUGGGGAAAAGGGAAAAGGAAACUAAAACGCCGAAAGGCAAAAGUUCCCGAAAAAAGGGAACAAAAGGGGAAACCUAAAAAGGGGCGAAAAAGCGACAAAAGCUACGCCGGAAAAAAGGCAAAGGCGAGAAAAAUCGCCAAAGGGGGAAAACCCCAACGCCCCAAAAAAAAGCGGAAACGAAAAACGGAAACGAAAAAAUCCGGGGAAAGAAAACCGGAAAAAAACCC,..((((.........(((((((((.........)))))))))....((((.....))))....))))..........(((((.......)))))....(((...((....)).....(((....)))....((((((.......))))))...(((.....))).....((((((....(((.......)))..(((........)))...(((((......)))))...((((.....))))..)))))).........((....)).....((....))......(((((..........)))))......))),13,-102.69999694824219
38,(((((.((((((.((((((.((((((.((((((.((((((....((((((......)))))).)))))).(((((...(((((((...)))))))))))).)))))).((((((((((((...)))))))...))))).))))))....))))))....))))))....))))),GCCUGAGCGCCGAGGGCCCGGGGGUGAGUAGCUAACCCGGUAACACGCCCGUAAAAGGGCGUUCCGGGUAAAUGCGAGCGGCGGGAUGCCCGCCGGCAUUAAGCUACGCGGCCACUGCUCAAGGAGCAGUUAGGGCCGACACCCCAAAAGGGCCCAGAGCGGCGCCAAGCAGGU,(((((.((((((.((((((.((((((.((((((.((((((....((((((......)))))).)))))).(((((...(((((((...)))))))))))).)))))).((((((((((((...)))))))...))))).))))))....))))))....))))))....))))),0,-102.9000015258789
39,..((((((((.....))))((((.....))))))))..,CAUUCCCCCCGAGAAGGGGGGGCGAAAAGCCCGGAAAA,..((((((((.....))))((((.....))))))))..,0,-16.700000762939453
40,((....)).((....)).((....)).((....)),CGGAAACGAGGGAAACCAGCGAAAGCAGCGCAAGC,((....)).((....)).(((.......)))....,9,-3.9000000953674316
41,.....((((.((((.....((((...)))).))))...(((..((((((...)))...)))((((((...)))...))).)))...(((...(((....))).))).)))).....,AAACACGGGAGGCCAGAAACGGGACACCCGGGGCCAAAUCCAUCGCCAGAAACUGAAUGCGGCUCCCAAAGGGUAAAGCUGGAAUAGGCAAACGGGAAACCGGGCCACCCGGACAA,.....((((.((((.....(((....((((..(((...((((.((((((...)))...)))((((((...)))...)))))))...)))...))))...))))))).)))).....,19,-39.70000076293945
42,.....(((((..((..((..(((..(((..((..((...)).)).))).))).)).)).))))).....................,AAAAAGGUCCAGGCAAGCAACACGAGACAACCGGGCAGAGCAGGGGUCGGUGGGCGGCGGGACCAAAAAAAAAAAAAAAAAAAAA,.....(((((..((..((..(((..(((..((..((...)).)).))).))).)).)).))))).....................,0,-22.700000762939453
43,.....(((.(((((....)).)))(((.((....))))).)))....................,AGAAAGGGACGGGGGAAACCGCCGGUCACCGAAAGGGACACCCAAAAAAAAAAGAAAAAAAAG,.....(((.(((.((...)).)))(((.((....))))).)))....................,2,-15.5
44,(((((((((....))))(((((....)))))(((((....)))))((((....))))))))).,GCGCCCUCGGAAACGAGGGGAGAAAGCUCCCGCCAGGAAACUGGCGCUCGAAAGAGCGGCGCA,(((((((((....))))(((((....)))))(((((....)))))((((....))))))))).,0,-37.70000076293945
45,.....((((((((((((....))))((((....))))))))((((((((....))))((((....))))))))))))....................,CAAAACCGCGGCCCCUGGAAACAGGGCCUGAUAAGGCGGCCGCCCGCCCGAAAGGGCGCGCGAAAGCGCGGGCGCGGAAAAAAGAAAAAAAAAAAAA,.....((((((((((((....))))((((....))))))))((((((((....))))((((....))))))))))))....................,0,-42.20000076293945
46,((((......(((((...))).((....)).........)).....)))),CGCUAAGAAAGGGCCAAAGGCAGCGAAAGCAAAAUAAAGCCGGAAGAGCG,((((.......(((........((....))........))).....)))),6,-8.899999618530273
47,.....((((((((...)))).((((((((...))))..((((...))))..((((...)))))))).((((...))))))))....................,GACACGUCCUCGCAAAGCGAAGGGCGGGCAAAGCCCAACCGCAAAGCGGAACUCCAAAGGAGGCCCAGGCCAAAGGCCGGACAAAAAAAAAAGAGAAAAAAA,.....((((((((...)))).((((((((...))))..((((...))))..((((...)))))))).((((...))))))))....................,0,-34.20000076293945
48,.....(((.(..(.(((((.((((.((...)))).))))((((((...)).))))..(((...)))...))).)..).)))....................,GAAAGGCGGCGAGGGGUGGACCCGACCAAAGGCGAGGCCGAGGGCAAAGCACCUCUACGGAAACCGAAGACCGCGAGGCGCAAGAAAAAAAAAAAAAAAAA,.....(((.(..(.(((((.((((.((...)))).))))((((((...)).))))..(((...)))...))).)..).)))....................,0,-27.0
49,.....((((.(((((....))....))).(((....))).)).)).....((((.((((....))...)).(((....))).))..))....................,CGAACCCCCAGCCAGGAAACUAGAGGGCAGCCGAAAGGCAGGAGGAAAAAGCGCAGGGCGAAAGCAAACCAGGGGAAACCCAGCAAGCAAAAAAAAAAAAAAAAAAAA,....((((..(((((....))....))).(((....))).((.........(((...)))........)).)))).................................,25,-16.299999237060547
50,((((((.((((((....)))))).(((....))).(((....))).((((((....)))))).(((....))).((((((....)))))).(((....))).(((....))).((((((....)))))).(((....))).((((((....)))))).(((....))).(((....))).((((((....)))))).(((....))).((((((....)))))).(((....))).(((....))).((((((....)))))).(((....))).((((((....)))))).(((....))).(((....))).((((((....)))))).)))))),AGCUGCACGGGUAGAAAUACCCGGGGCGAAAGCCACGCGAAAGCGAGCCCCGGAAACGGGGCACCGGAAACGGAUCAGUCGAAAGACUGAAGGUGAAAACCACGUGAAAACGACUCACUGAAAAGUGAGACCUGAAAAGGAUGGACUAAAAGGUCCAACUUGAAAGAGAGUCGAAAGACAGGGACGGAAACGUCCUAGCAGAAAUGCACCGAGGGAAACCUCGGAGGCGAAAGCCAGGCGAAAGCCAGCCCGCGAAAGCGGGCACCGGAAACGGAGGCCGCGACAGCGGCUAGCGGAAACGCAGCCAAAAGGCAGUGCUGAAAGCAGCACAGCAGCU,((((((.((((((....)))))).(((....))).(((....))).((((((....)))))).(((....))).((((((....)))))).(((....))).(((....))).((((((....)))))).(((....))).((((((....)))))).(((....))).(((....))).((((((....)))))).(((....))).((((((....)))))).(((....))).(((....))).((((((....)))))).(((....))).((((((....)))))).(((....))).(((....))).((((((....)))))).)))))),0,-174.5
51,((......((......))......(((......((......))......((......))......)))......)).....,GCAACAAAGCGAAAUAGUAAAAAAGGCAAAAGAGCGAAAAAGCAAAAAAGGGGAAAACCAAAAACGCCAAAAAAGCAAAAA,((......))..............(((......((......)).......((.....))......))).............,8,-6.599999904632568
52,.......((.........((.........((.........((.........((.........((.........((.........((.........((.........((.........((.........((.........((.........((.........((.........((.........((.........((.........)).........)).........)).........)).........)).........)).........)).........)).........)).........)).........)).........)).........)).........)).........)).........)).........)).........))......,GAAAUACGGGAAAAAAAAUCGGGAAGAAAGCAAAAAAAAAUGGAAAAAAAACCGAAAAAAAGGCGAAAAAAGACCAAAAAAAAACCGAAAAAAUGCCAAAGUAAAGCCGAAAAAAAUCUGAAAAAAAGCCGAAAAAAAAGGGAAAAAAAAUCAAAAAAAAGGAGAAAAAAAGGAAAAAAAAAAGGGAAAAAAAAGCGGAAAAAAAGCGAAAAAAAACCGAAAAAAAGUCAAAAAAAAAUCAAGAAAGAGGAGAAAAAAAACCGAAAAAAAAGGAUAAAAAAAAGUAAAUAAAAGGAAAAAAAAGGGAAAAAAAAAGGAAAAAAAAGGGGAAAAAAAAGCAAAGAAAAAGGGAAAAAAAACGGAAAAAAAAGCGAAAAAAAAGAGCAAAUAAACCAAAAAA,.......((.........((.........((.........((.........((.........((.........((.........((.........((.........((.........((.........((.........((.........((.........((.........((.........((.........((.........)).........)).........)).........)).........)).........)).........)).........)).........)).........)).........)).........)).........)).........)).........)).........)).........)).........))......,0,-22.700000762939453
53,(((((((((....)))))(((((....)))))(((((....)))))(((((....)))))(((((....)))))(((((....))))))))),CCACGUCAGGAAACUGACGGGCGGGAACGCCCGGGCGGGAACGCCCCAGACAAAAGUCUGGCCGCGAAAGCGGCUUUAGGAAACUAAAGUGG,(((((((((....)))))(((((....)))))(((((....)))))(((((....)))))(((((....)))))(((((....))))))))),0,-51.79999923706055
54,.....((((((((((....)))(((....((((.(((.....))).((((((......)))...))))))))))))).))))....................,UAGAAGGCCCGCGCCGAAAGGCGGGAAAUGCGUAGGCGAAAAGCCACCCCUCGAAAAAGAGAAUGGGGCGCCCCGCGAGGCCAAAAAAAAAACAAAAAAAAA,.....((((((((((....)))(((....((((.(((.....))).((((((......)))...))))))))))))).))))....................,0,-31.899999618530273
55,(((((((((((.(((((..(((((....((((((..(((((...(((((..((((((.((((((((((((((....))))))))))))))..(((....))).(((((((((....)))))))))..(((((....))))).)))))).))))).))))).))))))...((((((((.....))).)))))..((((((((((((((((((((((((....)))))))))))))).))))))))))...(((((......)))))((((((((((....))))))))))...((((....))))..)))))..))))).((((.(((.(((....)))))))))).(((((((((....))))).)))).)))).))).))))...,UCUGUUAGGCUAGAAUGUGGACGGAAAACGCGAUGGAGGCAGAGGGCCUGGUGGUGCACUACGCGCGGCGCGGAAACGCGCCGUGCGUGGAAAUGGAAACAUAGCCGCCAUGGAAACAUGGCGGCACGGGCCGAAAGGCCCAGCACCAAAGGCCAUGUCUAAUCGCGGAAGGGUCUGCGAAAAGCAGGACCCAACUCCCCGUCGUGGCCCGGGGGUCGGAAACGACCCCCGGGCCACCGACGGGGAGAAAGGCUGGAAAAACGGCCCCCGUGGGAAGAAAUUUCCACGGGAACGGAUGAGAAUCCAACCGUCUGCGUUCAGGCGACGGACUCGAAAGAGCCGCGCCACCCCCCCUUGAAAAAGGGUGGGGAAGCCGUAGUCGGAAAA,(((((((((((.((((((((((((....((((((..(((((...(((((..((((((.((((((((((((((....))))))))))))))..(((....))).(((((((((....)))))))))..(((((....))))).)))))).))))).))))).))))))...((((((((.....))).)))))..((((((((((((((((((((((((....)))))))))))))).))))))))))...(((((......)))))((((((((((....))))))))))...((((....))))..)))))))))))).((((.(((.(((....)))))))))).(((((((((....))))).)))).)))).))).))))...,4,-258.20001220703125
56,(((.(..((.((....)).((....)).))..).(....).))),GCCAGUGGGAAGGAAACUAGCGAAAGCACCUGCACGAAAGAGGC,((.(((.........))).))....((..((.......))..)),19,-5.5
57,((((.((((.(((....))).(((....))).(((....))).(((....))).(((....))).(((....))).)))).(((((......)))))(((....))))))),GGGCAUCCUAGGGGAAACCCACGCGAAAGCGAGGCGAAAGCCAGCGGAAACGCACUGGAAACAGAGGCGAAAGCCAAGGAGGAGGAGAAAAAUCCUCGGGGAAACCCGUCC,((((.((((.(((....))).(((....))).(((....))).(((....))).(((....))).(((....))).)))).(((((......)))))(((....))))))),0,-44.400001525878906
58,.....((((((.((((((((....))))))).)))((((((((((....)))))))))))))).....,UUAACGGGGGGACCGCCGCGGAGAUGCGGCGCGCCGCGCCCCGGCGAAAGCCGGGGCGCCCCCAAAAG,.....((((((..(((((((....)))))))..))((((((((((....)))))))))))))).....,2,-46.900001525878906
59,.....((((.(...(.((((.(.((((.((.((((.((.(((....))).).)))))).).))))....).)))).)...).))))....................,GGAAACCGUGGAAGAGGCGGGCUGGCCGGGUCUGGCGCGGGGGAAACCCGGACCCAGCGCGGGCCUUAUGGCCGCGUAAGCGACGGAAAAAAAAAAAAAAAAAAAA,.....((((.(...(.((((.(.((((.(..((((..(.(((....))).)..))))..).))))....).)))).)...).))))....................,4,-42.400001525878906
60,.....((.((.((...)).((....))...)))).((.((.((...)).((....))...)))).....,ACAACGGACCAGCUAAGCACGGAAACGGAAGGCCACCACCAGGAUACCAGGGAAACCAAAGGGGAAAAA,........((.(((.....((....))...)))..((....))...((.((....))...)))).....,12,-7.099999904632568
61,.((.((.((.((..((..((.((...))..)).)).))..))..))....)).,CGGGGCAGCGGCGGGCGAGGGGCAAAGCGACCAGCAGCAAGCGGGCAAAACCA,..((...((.((..(((..((.........))..).))..))..))....)).,12,-11.699999809265137
62,.....((((((((..((((....))))..((((....))))..((((....))))..((((....))))..)))))))).....((((((((..((((....))))..((((....))))..((((....))))..((((....))))..)))))))).....((((((((..((((....))))..((((....))))..((((....))))..((((....))))..)))))))).....((((((((..((((....))))..((((....))))..((((....))))..((((....))))..)))))))).....((((((((..((((....))))..((((....))))..((((....))))..((((....))))..)))))))).....,UAAGACACCCCGAAAGUUGGAAACAACAACCGCGGAAGCGGGACGCCGAAAGGCGGACGUCGAAAGACGGAUCGGGGUGGAAAAGGAUCCGCGACAGAGAAAUCUGAACGGGGAAACCCGGACCUCGAAAGAGGAAGCAAGAAAUUGCAAGCGGAUCCAAAAAGCUAGGGGACGGCGGAGACGCCAAGCUAGAGAUGGCAACGCGGAAACGCGAACGUGGAAAUACGGACCCCUAGCAAAAACAGCGGGCACGCACGAAAGUGCCAGUGUGAAAGCACAAAGCAGAGAUGCUAAGGGAGAAAUUCCAAGCCCGCUGAGAAACCGGGCAUAAGUCGGAAACGGCAACCGUGAAAACGGACGGCCGAAAGGUCAAUAGGGAAACCUAAAAUGCCUGGGAAAG,.....((((((((..((((....))))..((((....))))..((((....))))..((((....))))..)))))))).....((((((((..((((....))))..((((....))))..((((....))))..((((....))))..)))))))).....((((((((..((((....))))..((((....))))..((((....))))..((((....))))..)))))))).....((((((((..((((....))))..((((....))))..((((....))))..((((....))))..)))))))).....((((((((..((((....))))..((((....))))..((((....))))..((((....))))..)))))))).....,0,-175.60000610351562
63,((...((....((.....((.........((..............................))...............)).........)).......))....))....,GCGAAGGGAAAGGGAAAGGGAAAAAAAAAGGGGAAAAAAAAAAAAAAAAAGAAAAAAAAAACCGUAAAAAAAAAAAAGCCAAAAAAAAACCGAAAAAACCGAAAGCAAAA,((....((.........((...........((..............................................)).........)).......))....))....,10,-2.8399999141693115
64,.(((((........)((((....))))..)))).......,GGCCUGGAAAAAAACGGGGGAAACCCCAGAGGCAAAAAAA,.((((..........((((....))))..)))).......,2,-11.800000190734863
65,.((.((.((..((.(...).)).))..))....)).,AGCAGGGGCGAGCGCAAAGGGCAGCAACCGAAGGCA,.((..((((..((.(...).)).))..))....)).,2,-6.099999904632568
66,......(......((((.....))))......)......................,GAAAAAGAAAGGAGCCCGAAAAGGGUGAAAAGCAAAAAAAAAAAAAAAAGAAAAA,.............((((.....)))).............................,2,-6.0
67,((((....).))).((((....).))).((((....).))).((((....).))).((((....).))).((((....).))).((((((((((((((((((((((...)))).))))))).(((((..((((((((((..(((((((...))))))).))))))))))((((.((((((...)))))))))))))))...))))))))))).((((....).))).((((....).))).((((....).))).((((....).))).((((....).))),AGGGGAAACGCCUGCCGGGAAACGCGGGUGUCGAAAGAACAGGUCCGGAAGAGGCAGCGAGAAAUACGCAGGUGGAAACGACCACCCGGCUCACCCGGUCCAGCGGAUACCGCGUGGACCGACGCUGAUCCUCUCGCCUGGGCCCCAGAAACUGGGGCAAGGUGAGAGGCGGAUGGGCCGAAACGGCCCUCCGCGGCGAAAGGUGAGCCGGGACCACGAGAGUUGGAGGCAGAAAUAGCCAGGCUGAAAACGCCAGCCCGAAAGAGGCAGCGCGAAAGUCGC,........((((((((........(((((.((....))....((((....).))).(((.......))).(((.(...).))).((((((((((((((((((((((...)))).))))))).(((((..((((((((((..(((((((...))))))).))))))))))((((.((((((...)))))))))))))))...))))))))))).((((....).))).(((.......))).(((.......))).))))).....))))).)))........,46,-140.0
68,.((.((.....(((((...((.(((.........................))).))...))).))...)).)).(((..(((..((.......((....)).......)))))......))).(((((.......(((..((..(((..((.(((...............)))..))..)))..)).)))..))..))).,AACGCCGAAAAGCCCCGAGGUGCGGGAAAAGAAAAAGACAAAAAAAAAAACCGGACAAAGGGUGCAAAGGGGUAGCCAAGCUGACAGAAAAAAGGGAAACCGAAAAAAUGAGCGAAAAGGGCAGGCGCGAACAAACCGGAGGUGGAGGGCCAGAUGAAAAAAAAAAAAAAAUCCGGGAACUCUGCCGCGGGAGCAAGCCA,.((.((.....(((((...((.(((.........................))).))...))).))...)).)).(((..(((..((.......((....)).......)))))......))).(((.........(((..(((((((..((.(((...............)))..))..))))))).)))......))).,8,-50.79999923706055
69,...(((((((....((..((..(((..((..((..((..((..((..((...)).))..)).)).))..)).))).)).)))))))))........(((((((....((..((..(((..((..((..((..((..((..((...)).))..)).)).))..)).))).)).)))))))))...,AAAUCCCGCCCGAAAUGAAGGAGGCGAGCAAUGGACUGACGCAGGGAGCAAAGCACCGACGAAGGCAGGGCAGCCACUAAUGGCGGGAAAGAGAAAGCGGGCUAAAGGCGGAGGACGUAACCUGGGGGCCGGCUGGCCAGCCAAAGGGGGAAAGAGGACCUGGGGACGACUAGCGGCCCGUAGA,...(((((((....((..((..(((..((..((..((..((..((..((...)).))..)).)).))..)).))).)).)))))))))........(((..((........))..)))...(((.((((((.((((.(..((..(((...........)))..))..).)))))))))).))).,37,-60.5
70,....((....((....((....((..((..((...))..))....))......)).......)).........)).............,GAACGCGAAGCCAAAACCGAAGGCGGCGGGCCAAAGGAACGAAAAGCAAAAAAGGGAAAAAGGGAAAAAAAAAGCACAAAUAGAAAAA,...(.((..(((.........)))..)).)..........................................................,26,-8.399999618530273
71,..((((((((.......(.((((((....)))))).(((((((....))))))).).......))))))))..,AAGCGCGGGUUAAAUAACGGGGCCGGAAACGGCCCAUGUCGGGGAAACCCGGCAAGGAAAAAUGCCCGCGCGA,..((((((((.........((((((....)))))).(((((((....))))))).........))))))))..,2,-42.20000076293945
72,((((...))))(((((((....))(((((..(((((((....))(((((((((...))))..((((...)))))))))((....)))))))..(((((((....))(((((((((...))))..((((...)))))))))((....)))))))..(((((((....))(((((((((...))))..((((...)))))))))((....)))))))..(((((((....))(((((((((...))))..((((...)))))))))((....)))))))..(((((((....))(((((((((...))))..((((...)))))))))((....)))))))..)))))((....)))))))((((...)))),GGGCAAAGCCCGGGUGUCGAAAGAGGAGGAAGGCCCGCGAAAGCCCUGCGAGCAAAGCUCAACGCCUAAGGCGGCAGGCGGAAACGGGGCCAAGCGUGCCGAAAGGGGCCGGGAUAAAAUCCAAUCGCAAAGUGACGGCCGGGAAACCCACGCAACCCUAGGGAAACCGUCUAGAGCAAAGCUCAUUCGGAAGCCGAUAGACCCGAAAGGUAGGGAAAGUCCGGGAAACCCUCGCGCCCAAGGGGCAGAGUCAAAGACUGCGAGCCGAAAGGGGACUAAGCUGCCCGAAAGGCGGUCGGUCGAAGACCUAACCGAAACGGUGACCGGGGAAACCGCAGCAACCUCCGGGAGACCCACCCGCCGAAACGGC,((((...))))((((.((......(((((..(((((.((....((((((((((...))))..((((...))))))))).)....)))))))..(((((((....))(((((((((...))))..((((...)))))))))((....)))))))..(((((((....))(((((((((...))))..((((...)))))))))((....)))))))..(((((((....))(((((((((...))))..((((...)))))))))((....)))))))..(((((((....))(((((((((...))))..((((...)))))))))((....)))))))..)))))..)).))))....((((...)))),18,-141.10000610351562
73,(..((....((..((....((..((....(..((..((....((..((..((....(..((..((..((....((..((..((..((....((..((..((..((..((....((..((..((..((..((....((..((..((..((..((..((....((..((..((..((..((..((....((..((..((..((..((..((......))..))..))..))..))..))))..))..))..))..))..))))..))..))..))..))..))))..))..))..))..))))..))..))..))..))))..))..))..))))..))..))..)))..))..))))..))..)))..))))..))))..),GUGGCGAAACCAAGGUAAAGGUGCGUAAUGGAGGGGGCAAAGGCUGAUUGGGCAAUGUGCUUGGCUGCAUAAUGGGGAGGGCGUGCCGAAGCGUGCUAACCUGCAGGGGUUAUGCUGGGGGUUGGGGUGCCAGAGGUUGGCGGCCAGCUGGGGUGACCAAUGGAGUGAAGCGGACGGCGUGGGAAAAGAAGCCUGGGGAGGUGGAGAGGGAAAAACCGAUCUGCCGACCUGGGAGUCCCUGCGAAGUAAGCGGCAAGCCGUUGCCAGAGAGGGGAGUUGACGGUGCCAAAAUACUUGGCCCAAUGUGGGGGAGUGCGGGUGCGAACUAACCUGUGGCUGAGUGUCCUGAUUGGCGCAACCGACCGUGCCCCGGGGGCUGU,...(((..(((........))).))).((((.((..((....(((((((((((.....(((((((((((....((..((..((((((....((((((..((((((..((....((((((.(((..((((((....((((((..((..((..((....((((((..((..((..((..((((((....((..((((((..((((((..((......))..))))))..))))))..))))))))..))..))..))..))))))))..))..))..))))))))))))..))).))))))))..))))))..))))))))))))..))..))))))))))))))))).)))))))))..))..))))((((...))))...,87,-154.0
74,......(((......((((..(....(((........)))....).....)))).......)))...........,AAAAUAGCCGAAAAGCCCGGAGGAAGUGGGAAAAGAACCAAGAACGAAAACGGGAAAAAAAGGCAAAAAAAAAAA,......(((......((((..(....(((........)))....).....)))).......)))...........,0,-14.5
75,(((((....)).((((((....)))..((((.((((..(((....)))(((.((....))(((...)))((....)).)))(((....)))..)))).((((..(((....)))(((.((....))(((...)))((....)).)))(((....)))..)))).((((..(((....)))(((.((....))(((...)))((....)).)))(((....)))..)))).((((..(((....)))(((.((....))(((...)))((....)).)))(((....)))..)))).((((..(((....)))(((.((....))(((...)))((....)).)))(((....)))..)))).))))..(((....)))))).((....))))),GGGCCGAAAGGAGACUAGGAAACUAACGAGUAGGCUAUGGCGGAAGCCGCGAUCGAAAGACCCAAAGGGGGGAAACCACGCGGGGAAACCCUAAGCCAGCGAAGCUGGAAACAGGCCAUCGAAAGACCCAAAGGGGGGAAACCAGGCGGCGAAAGCCAAUCGCAGCGGAUAUGGAAACAUGGCAAGGAAACUCCCAAAGGGGCGAAAGCAGCCGUCGAAAGACUACCGCAGGUCAUGCCGAAAGGCCCCAUCGAAAGACCCAAAGGGGGGAAACCAGGGGCGGAAACGCGAGACCAGCCCAUGGCGAAAGCCCCUAGCGAAAGUCCCAAAGGGGGGAAACCAAGGGAGGAAACUCGAGGGCAACUCAGAUGGAAACAUGUCAUCGAAAGACCC,(((((....))...(((((..........((((.((.((((((...(((((.........(((....)))........)))))((....(((...(((((...)))))....))))).((....))(((...(((((....((..((.(.(....((((((......))).)))...).).))..))...)))))...)))((....))..))))))..)).)))).((.((((.(((......(((((.........(((....)))........)))))......))).)))).))....(((....))))))))......((((......))))........(((....)))(((.....))).(((((.......)))))......))),161,-116.69999694824219
76,.....(((((((.(((((....)))).)))(((((.((..((((....))))..(((((......)))))..)).))))))))))....................,CCAAAGACCGGGACCUGGGAAACCGGCGCCCCUCCGCCAAGGCCGAAAGGCCAACGGGCGAAAAAGCCCGAAGGGGGAGGCGGUCAAAAAAAAAAAAAAGAAAAA,.....(((((((..((((....))))..))(((((.((..((((....))))..(((((......)))))..)).))))))))))....................,2,-45.20000076293945
77,(....(((((...(((((...(((((....(((((...(((((...(((((..(((((....(((((...(((((...(((((..(((((...(((((...(((((..(((((...(((((..(((((..(((((..(((((..(((((.(((((.((((((((((.....))))).....))))).....))))).....))))).....))))).....))))).....))))).....))))).....))))).....))))).....))))).....))))).....))))).....))))).....))))).....))))).....))))).....))))).....))))).....))))).....))))).....)))))....).....,GAAAGUUGGAUAACCGCCAAAGCGUAGAAAGGCCCUAGGACCUGUGUGCCGAGCGUUGGAAAGGGCAGAGCGUUCAAAGGCCCGGGCUAGGAGCCUCGGAACGGUAAAGCGCCAAUGGUGGAACACGGGGGCGGGGACCGGGCGGAGCCGCGUCGAUGGGGACCCCGAAAAGGGGUGAAAACCCCGGAAACCGACGAAGAAGGCUUAAAAACCCGGGAAAACCCGCAAAAACCGUGGAGAGCCACCUAAAGGGCGCGAAAGUACCGGAAAACGGGGAUAAACUAGCAAAAAGGGCUGAAAGGAACGAAAAAUGCCCGAAAACGGCGAAUAGCGGCAAAAAAAGGUCAGAAUGGGUCGAAAAUACGCGAAAGGGCGGGGAAUUCCGAAAAGCAAAAA,.....(((((...(((((...(((((....(((((...(((((...(((((..(((((....(((((...(((((...(((((..(((((...(((((...(((((..(((((...(((((..(((((..(((((..(((((..(((((.(((((.((((((((((.....))))).....))))).....))))).....))))).....))))).....))))).....))))).....))))).....))))).....))))).....))))).....))))).....))))).....))))).....))))).....))))).....))))).....))))).....))))).....))))).....))))).....)))))..........,2,-173.0
78,....((((..(((((..((((..((((.....))))((((((...))).)))))))((((((.((.((.(((((....)).)))))))(((((.((.((.((....))))))(((((.(((....)).))).)))..)).)))))).))))))))(((.(((.(((.((((....))))))))))((((((((...))).)).))).))))))),CAUACGGUAACAGCCAAGCGGUAGAGUAAAAAACUCGGAGGCGAAGCCAUCCCCGCCCCGUGAGGACGACCGGCGAAAGCACGGCGCCGCCCCAGGUCGACGGAAACGCGCCGGGCUCGGCGAAAGCGCAGACCCAAGGAGGCCACUGGGGGCUGGCCAUCGUGCGUGCGCAAAAGCGCCGCCGAGGCCCCGGAAACCGAGGAGCCAGGCACCG,....((((..(((((..((((..((((.....))))((((((...))).)))))))((((((.((.((.(((((....)).)))))))(((((.((((..((......(((((....)))))....))..))))...)).)))))).))))))))(((.(((.(((.((((....))))))))))((((((((...))).)).))).))))))),23,-91.80000305175781
79,...((((((....))))))(((((....)))))((((((....))))))(((((....)))))((((((....))))))(((((....)))))(((((....)))))((((((....)))))).(((((....)))))((((((....))))))(((((....)))))((((((....))))))(((((....)))))((((((....)))))),GAUCUGGACGAAAGUCCAGCUGGGGAAACCCAGGCGGUCGAAAGACCGCGGCGCGAAAGCGCCGGCGGGGAAACCCGCCGCCGCGAAAGCGGCCCAGGGAAACCUGGGGGGUGGAAACACCCCUGCCGGGGAACCGGCGGGGGUGAAAACCCCCGUCGGGAAACCGACGGACGUGAAAAUGUCCGUCUCGAAAGAGACGCUCGCGAAAGCGGGC,(..((((((....))))))(((((....)))))((((((....))))))(((((....)))))((((((....))))))(((((....)))))(((((....)))))(((((.....((((((((((((....))))))))))))...)))))((((((....))))))(((((....)))))((((((....))))))(((((....)))))),20,-147.39999389648438
80,.....((((.(((.((....))((....)).))).(((.((....))((....)).))).(((.((....))((....)).))).(((.((....))((....)).))).)))).....,AAUAGGCCCAAGCACGGAAACGCCGAAAGGAGCUAGUCACGGAAACGCCGAAAGGAGGCACCCAGGGAAACCGCGAAAGCAGGGAGGCAGGGAAACCCGGAAACGAGCCAGGGCAAAAA,.....((((..((.((....((((....)).(((..((.(((.....)))...)).))).(((..(....((((....)).))....).))).....))....)).))..)))).....,28,-28.0
81,.....((((((((((....)))(((....((((((((...(((.....)))))))(((......))).))))))))))..))))....................,UAACAGGGGCGCGGCGAGAGCCCCCAAAUUCCGCGCGCAUAGCGAAAAGCUCGCGCCCGAAAAAGGGACGGAGGGGCGAUCCCCAAAAAAUAAAAAAAAAAAAA,.....(((((.(.....).))))).....((((((((...(((.....)))))))(((......))).))))((((....))))....................,14,-33.599998474121094
82,(((((((((((((((.(((((.((.....)).((.....)).((.....)).((.....)).((.....)).))))).(((.....))).(((((.((.....)).((.....)).((.....)).((.....)).((.....)).))))).(((.....))).(((((.((.....)).((.....)).((.....)).((.....)).((.....)).))))).(((.....))).(((((.((.....)).((.....)).((.....)).((.....)).((.....)).))))).(((.....))).(((((.((.....)).((.....)).((.....)).((.....)).((.....)).))))).))))))))))))))),GGGCGCGUGGGCUGAGCGACCGGCGUAAAGCAGCGAAAAGCACCGAAAAGGAGGGAAAACCAGGGAAAACCAGGUCGAGAGGAAAACUCAGCGGAACCGAAAAGGAGGGAGAACCAGGGAAAACCAGCGAAAAGCAGCGAAAAGCAUCCGCACACGUAAAGUGAGACACAGCGAAAAGCAGCGAAAAGCACCGAAAAGGACCGAAAAGGGGGGAAAACCAGUGUCAGCCGAAAAGGCAGGCCCAGCGAAAAGCAGCGAAAAGCACCGAAUAGGAGGGAAAACCAGGGAAAACCAGGGCCAGGCGAAAAGCCAGAGGCAGCGAAAAGCAGCGAAAAGCACCGAAAAGGAGGGAAUACCAGGGAAAACCAGCCUCAUCAGCUCACGCGUCC,(((((((((((((((.(((((.((.....)).((.....)).((.....)).((.....)).((.....)).))))).(((.....))).(((((.((.....)).((.....)).((.....)).((.....)).((.....)).))))).(((.....))).(((((.((.....)).((.....)).((.....)).((......))((.....)).))))).(((.....))).(((((.((.....)).((.....)).((.....)).((.....)).((.....)).))))).(((.....))).(((((.((.....)).((.....)).((.....)).((.....)).((.....)).))))).))))))))))))))),2,-125.4000015258789
83,.......((((.((((.(((.(((....))).(((.(((....))).(((.(((....))).(((.(((....))).(((......))).))).))).))).))).(....).)))).((((...(((.(((...((....))........))).(((.(((....)))(((....)))(((....)))))).)))...((((.(....).(((.(((.(((.(((.(((...(((....))).))).(((....))).))).(((....))).))).(((....))).))).((((((....)))(((....))).(((....)))))).))).))))...)))).)))).......,CGAACCACCCCACCCCACGUAGCCGAAAGGCAGGGACCUGAAAAGGACCGCGCAGAAAUGCACUGACGCGAAAGCGAGCCGAAAAAGGCACAGACGGACCCAGCGAGGAAACAGGGGAGCCCAGCGGGAGUGGAGGCGAAAGCAAAAAAAACACAUGCGGGGGAAACCCGGGGAAACCCCCUGAAAAGGGCAACCCAAACUCUACGAAAGAUGCAGCUACUCAAGGACCAGAAGCUGAUAAGCAUGGACGGGAAACCGACCUAUCAGGAAUGAAGAGACCCGAAAGGGAGGCACCCCAGGAAACUGACCGUAAGGUACCGGAAACGGGGGAGCAAAGAGAACGGGCAGGGGAAAAAAA,.......((((.((((.(((.(((....)))..((.(((....))).))..(((....))).....(((....))).(((......))).....((((((..(((((....(.((((.(((...(..((((((..(((...................((((.....))))(((.....((((....))))...)))....(((.....))))))..))))))..)..(((...(((....))).))).(((....))).(((...)))..........(((....))).))).)))).)....))...)))..))).)))...))))))).((...........)).)))).......,105,-107.19999694824219
84,....((((((((....((..(...................)..(((...((....))...((....))........))).......))))))))))....,CGCAGUGGCCGGUGAAGCAAGGAAAAAAAAAAAAAAGAAACACGCCAAACCGAGAGGGAAGGGAAACCAAAAAAACGGCAAUAAACGCCCGGCCAUAAAA,....((((((((((..............................((...((....))...))....((........)).......)).))))))))....,14,-18.700000762939453
85,....(((((((((.((....))).)).).)))))....,AGAAGGUCCCCGGACCGAAAGGCGCGAGAGGACCAUAA,....((((((((..((....))..)).).)))))....,2,-14.100000381469727
86,......((.((..((..(...(.((.((....))))..)...(.((..((....))..))..)...).))..)))).....................,GACGAAGCAGCAGGGUUCAAAGAUGACGGAAACGCAGGCAACGUACGGCCGAAAGGAAGUUUCAAAGUCCAGGCGCAAAGAAAAUAAAGAAAAACAA,......((.((..((........((.((....))))(((........)))((((.....)))).....))..)))).....................,21,-12.199999809265137
87,((....))..(...(...(..(.(..(...(((.(((...((((....)))).((((((.((((((.((((((.((((((.((((((((((.((((((.(((((.((((.((((..((((...)))).))).)))))).))))).)))))).)))))))).)))))).)))))).)))))).))))))).)))...(((.(((((.(..((((.(..((((.(..((((.(..(((((((.((((((.(((((.((((((.(((.((((((....))))))..)))).)))).))))).)))))).)))))))).)..)))).)..)))).)..)))).)..))))).((((....))))...))).)))...)..).)..)...)...)..((....)),GGAAACAAGAAAGCAAGGGGUGGGGCGAACCCAAGCAAAGGCCGAAAGGCCAGUGCUGACGCAUGACGCGCCGGCGGCUCGAGGGCAAGACCGCUCCGCGCGUGGACCGGCGCCCUCGUACAAAGUACUGGGACCCGGCGCACGGUUGGAGGUGUCUUGCGACGGAGCGAGAGGCGGAGGAUGGAGGGGCACAGCUAAAGACAUGGGUGCGAGCGGCAGGAUGACGCAACCGGAGUGGCGUGCGGGUCUCGGCUGCGCCAGCGCCAGUGCGCAGAAAUGCGCAAAUGGGACUGGACCAGCGCAGGCCGCCACGCCAGCAGGGUUAGGACAUCGGAGCGCAGAGGCCCAAGUGGGAAACCACAACGUCAGGGGAAGAACGAAACAAGGAACGCAACGAAAG,................(..((((((....))).((((..((((....))))..))))..(.(.(((((((((....((((....(((((((..(((((..((((..((((..(((..((((...)))).)))..))))..))))..)))))..)))))))....))))....)))).....(((..(....)..)))......(((((....(((....((((.(..((((....(((((((..(((((..((((..((((..(((.((((((....))))))..)))..))))..))))..)))))..)))))))....))))..).))))....)))....))))).((((....))))..))))).).).................)))..).....,168,-171.3000030517578
88,((..(((((........(.((..((.(.....(....).((((((((.........((......((((.....))))......))...((..((.......(..(......)..)..((..((.....((....)).((((.....(((.....(..((.(...).))..).....))).((((...(.......(..(.((...)).)..).......)...))))........)))).....((((((...)))))).))..))...........))..)).........(..((((....))((((((.....(........).....))))))..))..)...))))))))........).))..)).).....(.......).)))))..)).,GCGGCCCCCCAAAAAACGGGGGGGUGCAAAAAGGAAACAGGGCUCCGAAAAAAAAACUGAAAAGGCGGGAAAACCGCAAAAAAGGAUAGGGACGACUAAGAGUGGGAGAAACUGCAACGGGGGAAAACGGGAAACCAGGGUAAGAAGAGGAAAGUUGGUGCAAAGGGCUGAAAAAACUCACAUUAAGCAAAAAAAAGGCGGCAUAGCGGAAUGAAAAAGGAAGAAUGGGAAAAAAGCCCAAAAAAGCCGGAUACCGGCUAUCAACGGAAAGAAAAAACGGACUAAAAAAAAAGAAUCGCGAAAGCCGGCCGAAAAGUGAAAGAAAAAAAAGCGGCCGAGGAGGCAAAUGGAGCCCAAAAAAAAGGACAACCGCAAAAAGGAAAAAACAGGGGGAAGCA,(((.((((((.......)))))).)))............((((((((.........((......((((.....))))......)).(((......)))...((((......)))).............((....))..........(((.....(((((.(...).))))).....))).................((((((...((((................((((.......))))....((((((...)))))).....((...........))................))))....))).))).......................(((.....)))...))))))))...........(..((.................))..).....,102,-90.9000015258789
89,.......((.((.((....)).((...))...)))).((.((.((....)).((...))...)))).((.((.((....)).((...))...)))).......,AUGAAACCGACCGGCGAAAGCAGCAAAGCAAAGGCGAGGAGGAGGGAAACCAGCAAAGCAAACCCCAGGACCAGCGAAAGCAGCAAAGCAAAGGCCAAAAAAA,............(((....((.((...((....((..((....(((.................)))....)).))....)).))...))....))).......,32,-15.100000381469727
90,........(((((((((((....))))..((((....))))..((((....)))))))))))..(((((((...))))..((((...))))..((((...))))))).........,AACUUAACCGUGGCCCCGCGGAAGCGGAACCGGGAAACCGGAUGCGCGAGAGCGCGGCCACGAAGUGGCCGAAACGGCGAAGGGACACCCUAACGCGAAACGCGCACAAAAAAAAA,........(((((((.(((....(((.(.((((....)))).).)))....))).)))))))..(((((((...))))..((((...))))..((((...))))))).........,12,-48.900001525878906
91,(((..(((((((.....((((((...)))))).))))..((((((..(((...)))))).(((((...((((....))))....)))))..)))..)))..(((((((.....(((((....)))))......)))((((((((((...)))))(((((...)))))((((((((..(..(..(..(..(..((((....))))..).)..))..).))(((....)))..))))))...))))))))).(((((.((((......(((((((........((((.....))))))))...))).))))((((......((((((((....))))))..(((((...)).(((((...)))))..)))))....)))))))))...))),UCCGAGCCGUGAUAAACUUUCCCAAAGGGAAAUUCACUAGGGGAUAAUGGAAACCAAUCACGGGCAAACAGUGAAAACUGGAAGGCCCGAACCCAGGGCGAGGGGGCUGAAAUACGGCUAGAGCCGUUAAAAAGGCGCGGCGGGACAAAGUCCCGACCCACAGGGUCGGCCGACCGAGGACAAUGACGAGAGCGCGGAGACGCGAGCAGGAAGGACAGGGACGAAAGUCGAUCGGCCAAUGCCGCCCCCAGCGUCAACCUAAAAAAUGCAGAGUAAAAAAAAGCUAAAAAAGCUCUCUAAAGCAAAGGUCUGUAAAAAAGCGCCGGCGAAAGCCGGCAGGGGGCAAAGCAGCACGAUACGUGCAUCCCGCGAAGACAGGACGCAAAGGA,(((.....((((.....((((((...)))))).))))..((((....(((...)))....(((((...((((....))))....)))))..(((........)))(((.....(((((....)))))......)))((((((((((...)))))(((((...)))))((((((((..(..(..(..(..(..((((....))))..).)..))..).))(((....)))..))))))...))))))))).(((((.((((......(((((((........((((.....))))))))...))).))))((((......((((((((....)))))).((((((...)).(((((...))))).))))))....)))))))))...))),20,-128.60000610351562
92,..(((((((((((((....)))))(((((....))))))))((((((((....)))))(((((....)))))))))))))..,GACGGGUGGCCCGCCGAAAGGCGGACCCGGAAACGGGUGCCCCGUCUUGGAAACAAGAACCCCGAAAGGGGUCGGACCCGAA,..(((((((((((((....)))))(((((....))))))))((((((((....)))))(((((....)))))))))))))..,0,-42.599998474121094
93,((..(..((....))..(((.(..(.(((...)))..)..)..)))..(..(....)..).(..(....)..).....((....))..)..))..((..(..((....))..(((.(..(.(((...)))..)..)..)))..(..(....)..).(..(....)..).....((....))..)..))..((..(..((....))..(((.(..(.(((...)))..)..)..)))..(..(....)..).(..(....)..).....((....))..)..))..((..(..((....))..(((.(..(.(((...)))..)..)..)))..(..(....)..).(..(....)..).....((....))..)..)),GAGACAAAGGAAACUAAGCCAGGGCACACACAGUGGGGAACGGGGCAAGGGGGAAACAACAGGAGGAAACGACAAAAAGGGAAACCACGGAUCACGAGGCAACCGAAAGGAAGGUAGGGCAGGGAUACCCGGGAACAGACCAACGACGAAAGGAGAGGGCGAAAGAACAAAAAUGGAAACAACGAAUCAAGCAACAACCGAAAGGAAGGCACGACAUCCAAAGGAGGGGAGGGGCCAAGGAGGAAACGACAGGGGGAAACAACAAAAAAGGAAACUAAGGGGCAAGGGACAAGGGAAACCAAGGCAGGACACACAAAGUGAGGGACGGGCCAAGGACGAGAGGACAGGACGAAAGGACAAAAACAGAAAUGACGGACC,........((...((..(((.(..(.(((...)))..)..)..)))..))...........(..(....)..).....((....))....(((.(..(.(.(((........)))..).)..)))).(((..(..(...((..(..(....)..)..))..............((....))................((....))..(((.(....(((......)))....))))..(..(....)..).(..(....)..).....((....))...)..)..)))....((....))..(((.(..(.(((...)))..)..)..)))..(..(....)..).(..(....)..).....((....)).....)),70,-48.70000076293945
94,(.(((..(((((....(((((......))))))))))((((...((((.....))))))))(((..(((....)))))).(((...((((...((((......))))))))(((..(((.....))))))((.((....)))).((((....(((..(((......))))))((.((.....))))(((....))).(((((.....((.((......))))(((.....)))((....)).((((((......(((......)))((.....))...(((((((...))))))).......))))))......))))).....))))....)))...)))..)...(.((.((((....((....))((....))((((((...)))))).)))))).),GCGUCCAGAGGGUAAAGCCUACGAAAAAGUAGGGCCCUGCGAAAUUCGAGAAAAUCGAUCGCGAGUAAGCGGAAGCUCUCAGUCAAACCACAAAUCCCGAAAAAGGGGGUGGCGCAAUCCGAAAAGGAGCGGGACCGAAAGGCCAGGGAAGAACGGUCACCAACAAAGGUCCGCGCGCGAAAAGCCGGCCGAAAGGCACAGUGAAAAUAGAGCGAAAAAGCCUCCCAAAAAGGGUCGAAAGAAUGGGUGAAAAAACGGGAAAAACCGGGGAAAACCAACUGCGCUUAGAGAGCGCAAAACAAAUACCCAAAAAAACACUGGAAAAUCCCAAACGACAAAGGUUCAAACGUGACACUAAACAGGAAACUCCGAAAGGUCCAUGAAACAUGGAAAGUGCAGG,(((.....(((((....(((((......))))))))))((((...((((.....))))))))(((..(((....)))))).......((((...((((......))))))))(((..(((.....))))))((.((....)))).((((....(((..(((......))))))((.((.....))))(((....))).(((((.....((.((......))))(((.....)))((....)).((((((......(((......)))((.....))...(((((((...))))))).......))))))......))))).....)))).(((.......)))....(.((........)).).....((....))((((((...))))))...)))...,111,-117.0999984741211
95,...(((((((...))))..((((...))))..((((...)))))))........(((((((...))))..((((...))))..((((...)))))))........(((((((...))))..((((...))))..((((...)))))))........(((((((...))))..((((...))))..((((...)))))))...,GAAGCCGACCAUAGGUCGACGCCAGAGGCGAAUGGCAAAGCCAGGCAAUAAAAAGGAGGGGACACCCCAACCGCAUAGCGGACGCUCAAAGAGUUCCAAAAAAAAGGGGGGCAAAGCCCACGCAGGAACUGCAAGUCCAAAGGACCCCAAAAAAUACCCGCCCAAAGGGCACGCUGAAACAGCAACCGGAAACCGGGGGAAA,...(((((((...))))..((((...))))..((((...)))))))........((.((((...))))..((((...))))..((((...))))(((........)))((((...))))..((((...))))..((((...)))))).........(((((((...))))..((((...))))..((((...)))))))...,8,-64.80000305175781
