id,structure,sequence,mfe,fitness,status,dataset
1,1,......((((.(((((...))))).))))..(((((((((.((((.....((((((((((((.(((((.((((((...((((((.....))))))..((((((((....(((((((.....(((((((((..(((((((....((((((((((.(((......)))....))))))))))...........((....)).))))))).)))).)))))...(((.(((((.....(((((((..((....(((........)))..))..)))))))......(((((((((((.((..((..((.....))..))..))...((....))....)))))))..(((...((((..((((....))))...))))..))).))))..(((..(((((....((.((((((............)))))).))..))).))..)))))))).)))....))))))).((..(((((((....)))))))..))..)))))))).)))))))))))..))))))))))))....(((((((((....)))...(((......)))...))))))....(((((.(((((((...((..(((......)))))....)))))))..((.(((((.....)))))))..))).)).((((((.....))))))...))))))))))))).(((..(((.((((((...((((((((......(((...((..(((....)))....))...)))......)))))))).((((.((((((((((........)))))))....))).)))).((.(....).)).....)))))))))(((.(((....)))))).)))..,UUUUUUCGCCUGGCCGUUUCGGCCUGGCGUUGGGGCGCCCUGGGCUUUUUGCGCGGCGGCGGUGGCGGUCGGCCUUUUCGGGGGUUUUUCCCCCGUUCGCGCCGGUUUUCGGGGGCUUUUUCCCGCCCCCUUGCCGCGCUUUUGCCCGCCCGCUGCCUUUUUUGGCUUUUGCGGGCGGGCUUUUUUUUUUUGCUUUUGCUGCGCGGCUGGGGUGCGGGUUUGCCUCCGGCUUUUUCGGGGCCUUCCUUUUCGGUUUUUUUUCCGUUGGUUGGCCCCGUUGUUUGCCGGGCGCCGUGGUUCCUUGGUUUUUCUUUGGUUCCUUUGCUUUUGCUUUUCGGCGCCUUCCGUUUCCGCUUGCGGUUUUCCGCUUUGCGGUUCGGUCGGCUUCCCUUGGCCGUUUUGGUGCCGCCUUUUUUUUUUUUGGCGGCUCCUUCGGUCCUUGGGGCCGGUGGCUUUUGCCCCCGUGCUUCCGGCCGUUUUCGGCCGGUUGCUUCCGGCGCGUAGGCCGCCGCCUUCCGCCGCCGCGCUUUUGCGCCCCCCUUUUGGGUUUGGCUUUUUUGCCUUUGGGCGCUUUUCCGCGUGCGCCGGUUUGGUUGGGUUUUUUCCCCCUUUUCCGGCGCUUCGUCCGCGUUUUUCGCGGCGUUCGCUGGUGGCCCGUUUUUCGGGCCUUUGCCCGGGCGCCCCUGCCUUGGCUGCGCCCUUUCGGCCGCGUUUUUUGGGUUUGCUUGCGUUUUCGCUUUUGCUUUCCCUUUUUUCGCGGCCGUGCCGUCCCGCGGCGCUUUUUUUUGCGCCGCUUUUGGGUCGGCUGGUCUUUUGUCCUUUUUGGGCGCGCCGCGUGGGUUUUCCCCGCUGGCUU,-491.899993896,1,1,A
2,2,.((((((.((((((..((((...(((......(((((((((((((((.((((...(((((........)))))...)))).(((((.....((((((.........(((((.(((((((((((((((.((((..(((((..((((.((((......((((((.(((.((..((((((((..(((((.(((((((((.......(((((((((..((((.(((((((((((..((((((((.......))))))))))))..))))))).((((((((....)))...)))))....((((((((......)))))))).((((....))))...))))..(.((..((((((...(((((....))))).))))))..)).).....))))))))))))))).))).)))))...........((((((((...)))))))).)))))..((((((...((((...))))..)))))).))))).))).)))))).......(((.((((...((.(((((.((.(((((((((.(((((..(..(...(((((((.....)))))))..)..)..)))))..)))))))))....(((((((..((((((((((.((.(((((((..(((......)))...))))))).)).))).......((....)).))))))).......))))))).....)).))))).))...)))).))).))))))))....)))))....)))).(((((...(((..(.......)..)))..)))))...))))))))))))).)).)))))..(((.((..(.(((...(((...((((.(((((....)))))..))))..)))...))))..)).))).......)))))))))))...))))))))))))))).....)))...)))).))))))......(((...((((...((((...(((.((((((...((.((((((..((.(((.....))).)).)))))).))...)))))))))))))....)))))))..)))))).......,UGCCCCGUCGCCUCUUGGGGUUUGGGUUUUUUCCGGCCCGGGGGCGCUCCGGUUUGGGGUUUUUUUUUACCCCUUUCCGGUCGCCGUUUUUGGGGGGUUUUUUUUUGGCCCUCGGCGCGCGGCCGCGUGCGGUUCCCCCUUCCCGUCCCGUUUUUUCGCCCGUGGCUCCUUCCUGCGGGUUGGGGCUGGGGCGGCGUUUUUUUCCCGGCGGGUUCCGGUGGGCGCCGCCGUUGGGCCCGGUUUUUUUCCGGGCCCCGGCUUGGCGCCCUGGGGCCCCUUUUGGGUUUGCCCCUUUUGGGGCCCGUUUUUUCGGGCCCCUCGGCUUUUGCCGUUUCCGGUUGUGCUUGGCCGCUUUCCCCCUUUUGGGGGUGCGGCCUUGCUCUUUUUCCCGCCGGGCGCCGCUCCCUGCCCCUUGUUUUUUUUGGGGCGGCUUUGCCGCCCCUCCCGCUUCCCCCGUUUGCGGUUUCCGCUUCGGGGGUAGGGGUGCCUCGGGCGUUUUUUUCCGUCGCGUUUGGUCGCCGUCCUCGGCGGGGCUCCGCGUUGUUCUUUGGCGGCGUUUUUCGCCGUCUUGUUCUUCGCGGUUGCCCCGCCGUUUUGGCGGCCUUCCCCGGGCGCUCCUCGCCCGGUUAACUUUUUUGUUUUUCCGGGCGUGGUGCGUUUUUUUGGUUUUCCUCCCGGGGUUUUUUUGGCCGCCUUUUUGGUCGGCGUCCUUUCGCGUCGGUCGGGCGGGUUUUGGGGGUUUUCCGCUGGCGCUUUGGCUUCUUUUUUUGUUGCCUUGCGCCUUUCGCGGCCGCGCGCUCGUGGGCCUUCGGUCCUUCUGUGUUUCGCUUUCGGGUGGCCGUUUUCGGCCUUCCCGUUGCGUUUCGCGUUGGUCCGUUUUUUUCCCCCCCGGCGUUUGCGCCCCCGGGCCGGUUUUUCCCUUUCCCCUGAGGCGUUUUUUGGGUUUCGCGUUUCCGGUUUCGGUGGCCCCUUUGGUCGGGCGUUGGUGCCUUUUUGGCUCCUUGCCCGUCCUUUGGGGCCCCGCCGGUUUUCGCGCCCUUCGGGGCUUUUUUU,-656.599975586,1,1,A
3,3,..((((((..((.....(((((....(((((((((((((.....(((.((.(((((.......((((...(((......((.((((..((((..(((((((((((((((..((((((....))))))...)))))))...(((((((.((((......)))))))))))....((....)).))))))))..((((((.(((((((((((((..(((((((((.....)))))))))))))..))))))).))))))))...))))..))))))....(((((.(((.....)))))))).((((....))))..)))..))))....((((((...(((((....))))).))))))..))))))).)))...))).))))))))))(((((((((.......)))))))))....)))))((((....((((((((.((....)))))...)))))..)))).))..))))))..........(((((....(((((.(.((((((((((((.(((((((((....((((((((.....))))))))..)))))))))..))))))))...(((((.(....((((((((((.((((((((((((((........)))).)))))))))).))).......((....)).)))))))....).)))))..)))).).))))).))))).(((..((...((((((((((...((((((.(((((((((((...(((.(((((((.((..((((((((((.....))))))))))..))...((....))....))))))).(((((.......(((((....)))))..((((((((((.((.((((..((((.........(((((((((((((((............)))).))))).)).))))...(((((((((........(((.(((((...))))).)))....((((((.....))))))...))))))))).))))...)))).))...)))).)))))))))))...)))..((.(((((((((((((.(((..((((((((....)))))))))))..)))))))..((.(((((.....))))).))...((((((((........))))))))((((.(......).))))....))))))))...)))))))))))...(((((((..((((....))))..)))..))))....)))))))).))))))))..(((((((........))))))).((...(((....((((...((((((((.......))))))))...))))....(((.....)))....)))....))..))..)))..((((((((.((((..((((((((((....))))))))))..))))))))))))...,UUCGGGGCUUCCUUUUUCCGGCUUUUCCCCGGCGGGCCGUUUUUGCGUGCUCCGGGUUUUGUUGGCCUUUCCCUUUUUUCGUCGGCUUGCCCUUGGCCCGGGCCGCGGCUUGGCCGCUUUUGCGGCCUUUGCCGCGGUUUCCCGCCCUGGGGUUUUUUCCCCGGGCGGGUUUUGGUUUUCCUCCCGGGCCUUGGCGCGUGCCGGCGGGGGCGUUGCCGGGCGCUUUUUGCGCCCGGCCGCCUUCCCGCCGUGCCGCGCCUUUGGGCUUGCCGCGUUUUCGGCCUCCGUUUUUCGGGGCCGUGCCCUUUUGGGCUUGGGUUGGCCUUUUCGCCGCUUUCGCCGUUUUCGGCGUGCGGCGUUCCCGGGCUCGCUUUCGGUCCCGCCGGGGGCGGGCCGCUUUUUUUGCGGCCCGCUUUUGCCGGGCGCUUUUGCGGGCGCUCCUUUUGGGCGUUUCCCGCUUGCGCUGGUUGCCCCGUUUUUUUUUUGCCGCUUUUCCGGCUGUGCGGCGGGCCCGUCGCCGGCGCUUUUGGCGGCCCUUUUUGGGCCGCCUUGCGCCGGCGUUCGGGCCCGUUUGACGCUGUUUUGCCGGGGGCGUGCGGGCGCCCCCGGUUUUUUUUCCGGUGGGCGCCCGCUCGCUUUUUUUCCUUUUGGUCCCCGGCUUUUCUGCGUCUUCCGCUCUGCCGGUGCGGCUCGGUUGGUUUGGGGCCGGCCUUUCCGCGGUCGGGCGCAGGGUUUGCCUGCGCGGCUCCUUGGGGGCCCCGUUUUUCGGGGCCCCCUUGGUUUCCUUUUGGUUUUGCCGCGCUGCCGGUUUUUUUCGAAGUUUUCUUCGUUGCCCCCGGCCUGGUGGCCUUGCCGUUUUUUUUUGCCGGCCGGGCGCGCUUUUUUUUUUUUGCGCUGCCCGUGCUCGGCUUUCCGGCCCCCUUUUUUUUGGGUGCGGCUUUGCCGCUCCCUUUUGGCGGCUUUUUGCCGCCUUUGGGGGCCGGUCGGCUUUGGCCUCCUUUGGCCUGGGGGCCCGGCUUUGGCUUGGUGCCCCCCCCGGGCUCCGUUCGGGGCCGUUUUCGGCCCCGCGGUUGCCCGGGUUGGUCGCGCUUUUUGCGCGUCCUUUGGCGCGGCUUUUUUUUGCCGCGCCGCGGUGUUUUUUCUCCGCUUUUGGGGGCCCUUUCCCUGCGCCCGUUUCGCGGCGUUCGCCUUUUGGCGUUCGCUUCGCGUUUUCCGCGGGGUCCGGCCCCUUGGGCCCGUUUUUUUUCGGGCCCUGCUUUCCCUUUUCGGCUUUGCCCCGGGUUUUUUUCCCGGGGCUUUGCCGUUUUCCGUUUUUCGGUUUUGGGUUUUGCUUCCUUCCGUUGCCGCGGCUGCCCUUGCGCCGGCCCUUUUGGGCCGGCGCUUGGGCGCCGCGGCUUU,-926.900024414,1,1,A
4,4,....((((((((((((((((((.....((((((....))))))......)))))).(((((...(((((...........((((....(((..(((((..((((((.(((..((((((((.......)))))))))))...))))))..(((((((.........))))))).(((..((..((.....(((((((...((((....)))).......(((((....(((((...(((((....))))).)))))......(((....))).......))))))))))))..))..))..))))))))..))).....))))..(....)......))))).....(((((((((.((....)))))...)))))).)))))......((((((.....)))))).))))))))))))....(((((((....((((((....(((((((..((((....((((..(((((((((.(((((..(.(((((..(((....)))..(((((...((((((((...........)))))))).))))).))))).)..))))).)))))))))....)))).......((.(((((..........))))).))))))...))))))).....))))))..))).)))),AAAAGCCCGGCGCCCCGGGGGCAAGAACGGGCGAAAACGCCCGAAAAAAGCCCCCAGCCGCAAACCGCCAAAAAAAAAAAGAGGAAAAGCCAACCGGGAAGGCCCGAGCCAAGCCCCCGCAAAAAAAGCGGGGGCGGCAAACGGGCCAACGGGCGCAAAAAAAAAGCGCCCGACCCAACCAAGCAAAAAGCGGGCCAAAGCCCAAAAGGGCAAAAAAAGCGCGAAAAGGCGGAAACGGGCAAAAGCCCGACCGCCAAAAAAGCGAAAACGCAAAAAAACGCGCGGCCCGCAAGCAAGGAAGGGCCCGGAAGGCAAAAACCUCAAGGAAACAAAAAAGGCGGAAAAACGGCGCGCCAGGAAAACCGGCAAAGCGCCGAGCGGCAAAAAACCGGCGAAAAACGCCGGAGGGGCGCCGGGCAAAAGCCGGGCAAAAGGCGGGAAAAGGCGCGCAAGGCCAAAACCCGAACCCGGGCGGACCCCCAACAGGGGGAAGGGAAAACCCAACGCGGAAAGGCGGCCGAAAAAAAAAAACGGCCGCCACCGCGACCCCCAGAAGGGGGACCGCCCGGGAAAACGGGAAAAAAAGCACGGGGAAAAAAAAAACCCCGAGCGGCCAAAGCGCGCCAAAAACCCGCCAAGCCACGGC,-367.200012207,1,1,A
5,5,.((((((...(((..(((((....(((((....)))))))))).....(((((......((((((.....((((.(((...((((....))))..)))....))))...))))))....((((..((((.....))))..)))).)))))..(((((..((((.(....).)))).)))))..))).)))))).((((....(((((..((....))..)))))...((((..((..(((((..(((((....((((((.((((..((....)).)))))))).))..)))))..)))))..))..))))....))))......((((((((((....))))))))))..,UGCGUCGUUUGCGUUGCCCCUUUUCGCGCUUUUGCGCGGGGGCUUUUUCCCGCUUUUUUCCGCCCUUUUUCCGCUCCGUUUGCCGUUUUCGGCUUCGGUUUUGCGGUUUGGGCGGUUUUCCGGUUCCGCUUUUUGCGGUUCCGGUGCGGGUUGCGCCUUCCGGUCUUUUGUCCGGUGGCGCUUCGCUCGGCGCUGGCGUUUUCGCGCUUGGUUUUCCUUGCGCGUUUGGGGUUGGUUGGGCGUUCCGCGUUUUCGGCCGUGGGGUUGGUUUUCCUCCCCCGGCUCGUUCGCGGUUCGCCCUUCCUUCCCCUGUUCGCCUUUUUUGGGCGGGGGGUUUUCCCCCCGCCUUU,-197.199996948,1,1,A
6,6,...(((((((....((.(((........))))).(((((.......)))))..))))))).(((((....))))).(((((.(((.(((.......(((((((..(((.(((.((((.(((.((...((((((....))))))......((.....((((....))))...)).)).)))))))))).))).)))))))((((((.(((..((((((((.......)))))))))))...))))))..))).)))...((......)).))))).(((((.(((.....)))))))).((((....))))....((.((.(((....))).)).)).,UUUCUCGCGGUUUUGGUCCGUUUUUUUUCGGCCUGGGCCUUUUUUUGGCCCUUCCGCGAGUGGGGCUUUUGCCCUUGGGGGUCCGUCGGUUUUUUUGGACCCCUUGGCUGGGUGGUCUCGGUGCUUUCGGCGAUUUUUCGCCGUUUUUUGGUUUUUGCCGUUUUCGGCUUUCCUGCUCCGGGCCCCCUGCCUGGGGUCCCGGCGGUGGCUUCCCGGCCCUUUUUUUGGGCCGGGGCCUUUCCGCCGUUCCGUUGGUUUGGUUUUUUCCUCCCCCUCCCGCUGGCUUUUUGCCGCGGGUGGCCUUUUGGCCUUUUGGUCGUCGGUUUUCCGUCGUCCU,-174.5,1,1,A
7,7,(((((...((((..((..(((((..(((.(((.((((.(((...)))(((((((((....)))))))))..))))..))))))...)))))......((((((((..((...(((((((.((((..((..(((((....)))))..))...))))...((((((...((((....))))...))))))..((....)).)))))))..)))))))))).))..)))).(((((((.((((...(((((....)))))(((.(((...((((((((....))))...(((((...(((((.(((.....))))))))..(((....))))))))))))........(((((...(((((....))))).))))).....))))))((((....((((((....))))))...)))).....(((((................)))))........)))).))))))).))).)),CCGGGAAAGCGGAAGGAAGGCGCAAGGGAGGCAGGCCACCCAAAGGGGGCGCCGGCAAAAGCCGGCGCCAAGGCCAAGCCCCCAAAGCGUCAAAAAAGGCGAGGGAAGGAAACCUCCGCAGGCCAAGCAACGGCGAAAACGCCGAAGCAAAGGCCAAACGCGGCAAAGCCGAAAACGGCAAAGCCGCGAACCAAAAGGAGCGGGGGAACCCUCUCGCUACCAACCGCACGCCCGGACCGGAAACCCCCAAAAGGGGGGCCAGCCAAACCGGCGGCAAAAGCCGAAACCCCGAAACGCCCAGCCAAAAAGGCGGGCGAACGGAAAACCGCGGGGCCGGAAAAAAAACGCCCAAACCCGGAAAACCGGGAGGGCGAAAAAGGCGGCGGCGAAAACGGAGCAAAAGCUCCGAAACGCCAAAAAGGCCGAAAAAAAAAAAAAAAACGGCCAAAAAAGACCGGACCGGGCGACCCAGG,-245.5,1,1,A
8,8,.....(((((.(((.......(((((((..((...(((((((((((......((((((....))))))......))).....(((....)))............))))))))..)).)))))))((((((.(((..((((((((.......)))))))))))...))))))..))).))))).((((....((((((......)).))))...((((((((..((((....))))......((((((....))))))....(((....)))...(((((....((.(....).).)....)))))))))))))...)))).(((((((((...................)))))))))..(((....)))......,AAAGAGCCGGACGGAAGAAAACGGCCGGGAGGAGACGGCGCCCGGCAGAAAAGCCGGCAAAAGCCGGCGAAAAGGCCGAAAAGGGGAGACCCAAAAAGAAAAAAGGGCGCCGAACCACCGGCCGGGGGGGGGGGAACCGCGCCGAGAAGAACGGCGCGGCCCAGACCCCCCAACCGACCGGCGGCCCGGAACCGCCCAAGGAGGGAGCGGAAAGCGCGGCCAACCGCAAAAGCGGGAAGGAGGCCGCAAAAGCGGCCAAAACCCAGAAGGGAAACGCCGAAAGGCAGGAAACGGACAAAGCGGCGGGCCGCGCAAAGGGCAGGGGGGGGGGAAAAGAAAAAAAAGGAAGCCCCCCCCCAACCGAGAACGGAAAAAG,-200.100006104,1,1,A
9,9,...(((((((.(((((((((...(((.(((..((((((..(((..(((......((((..((.((.(...(((((((....))))))).).)).))..))))......))).......((.(((((.......))))))).)))....((((((....))))))....)))))).....(((....)))....((((((..((....))))))))))).)))..)))))).))))))))))...(((((((..(((((..(((((.....(((.((((((((..(((.((((....))))..(((.((((.(((((.(((.....)))))))).((((....))))......((((......(((((...(((((....))))).))))).....)))))))).)))....)))...))))))))...)))(((((.((....)).)))))....)))))..))))).((((((((...((...))..))))).))).))))))).,AAAGCGGGGGAGCGCGGGCCAAACGCACGGAAGCCCCCAAGCCAACGGAAAAAAGGGGAACCAGCACAAAGGCGGGGAAAACCCCGCCAGAGCAGGAACCCUAAAAAACCGAAAAAAAGGACGGCGAAAAAAACGCCGCCAGGCAAAACGCGCCAAAAGGUGCGAAAAGGGGGCAAAAAGGGAAAACCCAAAACCGGGGAAGCAAAAGCCCCCGGCCGAGCGAGGGCCCGACGCCCCCCGCAAAGGCGCGCAACCCGCAACGGGCAAAAACGCACGGGCGACAACGCAUCGCAAAAGCGAAAGGGAGUGCAGGCCGACCGAAAAACGGCGGCCACGGGAAAACCCGAAAAAAGCAGAAAAAACGGGGAAAGCCCGAAAACGGGCGCCCCGAAAAACUGCGCACACCCAAAAGCGAAAGUCGCCUGAAAGCGGGCCCAGCAAAAGCAGGGCCAAAAGCCCGGAGCGGGACCGGGGCCAAAGCAAAGCAAGGCCCACGGAGCGCGCCA,-270.100006104,1,1,A
10,10,.(((((((((....(((.(((..(((..((.((((((....)))))).))..(((((.(((.......(((((((..((...((((((((((((.....((((((....))))))......)))).....(((.....)))...........))))))))..)).)))))))((((((.(((..((((((((.......)))))))))))...))))))..))).)))))....))).....(((...(((((.(((.....))))))))..(((....)))))).))))))........((((...(((((....))))).))))))).))))))..(((..(((..((((((..((((((...(((..(((.(((((................))))).)))..)))...(((.........))).)))))).((......))...))))))..)))..)))..........(((((.....((((.(.((((((((((((.(((((((((......((((((.....))))))....)))))))))..))))))))...((((((((...(((((((.(..((((((((...........))))))))...(((((....((....)).)))))..).)))))))..))))).)))..)))).).))))....(((((((..((...((((.........))))))..)))))))............))))).((((((((((((....))))))))))))..(((....)))....,ACGGCGGCGGAAAAGCGAGCGAAGGGAAGCAGCGCUCAAAAGGGCGCAGCAACGCGCAGGGAAAAAAAGGCGCGGAAGGAAACGGGGGCCGCGGAAAAAGCGCGCAAAAGCGCGCAAAAAACCGCAAAAACCCAAAAAGGGAAAAAAAAAAAGGCCCCCGAACCACCGCGCCCGGCGCGGGGAAGCCCGGCCAAAAAAAGGCCGGGCCCCAAAGCGCCGAACCCAGCGCGAAAACCCAAAAAGGCAAAGGCGGACGGAAAAACCGCCGCCAACGGAAAACCGGCCACGCCGCAAAAAAAAGGCGAAACCCCCAAAAGGGGGACGCCCCGACCGCCGAACGCAACCCAAGCCGCGAACCGGCCAAAGGCAAGCCAGCCUGAAAAAAAAAAAAGAAACAGGCAGGCAAGCCAAGCGGAAAAAAAAACCGAGGCCGGAGCAAAAAAGCAAACGCGGCAAGGGAAGCGAAAAAAAAAAGGCGGAAAAAGCCGACACGGGGGGGGGGCACGGGCGCCCAAAAAACGGGGGAAAAACCCCCGAAAAGGGCGCCCGAAGCCCCCCCAAAGGCGGCGGAAACCCGCCCGCAAGGCCGGCCAAAAAAAAAAAGGCCGGCCAAAGCGGGAAAAGGAAAACCACCCGCAAGAGGGCGGGAACCGCCAGCCAACCCGAGACGGCAAAACGUGCGGAAGGAAACGCGAAAAAAAAACGCGCCAACCGCACGAAAAAAAAAAAACCGCCAGGGCGCGCCGGCAAAAGCCGGCGCGCCCAACGGAAAACCGAAAA,-419.5,1,1,A
11,11,...(((..((((.(((((((....((((.(((.((((....(((((.(((((((((((((((..........((((....(((((((....((((((..((.((((((....)))))).))...)))))).((((((((..((......)).))))))))....(((((..((((......((.((((((........((((..(((((((((.....)))))))))))))..........((((((((.......))))))))....(((((((........))))))).((((....))))...)))))).))...((((((...(((((....))))).))))))..((((((((((((((((.....))))))))..((((((((........(((...((((((..(((((.(((((..(((..((((..(((.((((......)))).))..)..))))..)))...))))).)))))....(((((.(.((((((((((((..((((((((....((((((((.....))))))))..))))))))...))))))))...(((((.(..(.((((((((((.((((..(((((.(((......))).).))))..)))).))).......((....)).))))))).)..).)))))..)))).).)))))..((((((((..((...((((.........))))))..))))))))......)))))))))...(..((((((((((.....))))))))))..))))))))).(((....))).....))))))))....(((((....)))))...............))))..)))))........)))))))(((((..((((....((((((...((((.....(((....)))....)))).......((((...((((((.(((((((((.(((((((..((..((((((.((((....(((.((((((.((....))...((((......))))..))))))..))).....(((((((((((...(((((((....))))))).))).))))))))....))))))))))..))...)))))))..)))))).)))..))))))..)))).))))))...))))..)))))...))))...(((((((.....((...((..((((....))))..))...))......))))))))))).)))).)))))))))))).))))))).)))).))))))).)))).))).(((((((((.....))))))))).......,UUUGCUUUGCGGUGGCGGCCUUUUCGCGUCCGUGGCGUUAUCGCGCUGCGGCCGGCGCGCCCUUUUUUUUUUCUCCUUUUGCGCGCGUUUUCCCGCGUUCGUCGGGCCUUUUGGCCCGUCGUUUCGCGGGUGCCGCCGGUUGCUUUUUUGCUCCGGCGGCUUUUCCGGGUUCCCGUUUUUUCCUCCGCCCUUUUUUUUGCCGUUCCCGCCGCGUUUUUCGCGGCGGGCGGCUUUUUUUUUUGGGGGCGGUUUUUUUCCGCCCCCUUUUGGCGGGCUUUUUUUUGCCCGCCUGCGCUUGUGCGCUUUGGGCGGUGGUUUGGCGGGUUUGCGCCUUUUGGCGCUCCUGCCUUGCCGGGCCCGCCGGGGUUUUUCCCCGGCGUUCGGGGGGGUUUUUUUUGCGUUUGCGCCCUUGCGCCUCGGGGUUGCCUUGCGGUUCCGUCGCCUUUUUUGGCGUCGUUGUUCCGCUUGGCUUUCCCCGUGGCGCUUUUUGCCGUCUGGCCCCCGCGUCUUGGGCGGCCUUUUGGCGGCGCUUUUUGCGCCGCCUUGGCCGCCCUUUGGCGCGGGUUUGGCGGUCUUGUGGCCCGCGGCUCCGCUUCGGGGUGCCUUUUUUGGCUCUCCCGUUGCGGUGCCUUUUUUUCGUUUUCGUGCGGGCCUCUUGUCCGCCUUGGCCUGUCGGCAUUCCGGCCCCUUCCUUUCGCUUUUUUUUUUAGCGGGUUGGGGCCGGUUUUUUGGGCGCCGCUUUGUUCGCGGCCCCCUUUUUGGGGGCCGCGUUCCCCCCCCGUCGGUUUUCCGUUUUUGGCCCGGCUUUUGGGUGUUUUCACCCUUUUUUUUUUUUUUUCGGGUUCUCGGUUUUUUUUCGCGCGCCGGGGUUGCGGUUUUCCGGCCUUUGCCCUUUUUCCCUUUUGGGUUUUGGGCUUUUUUUGAGGUUUCCGCCGUGCGGCCCCGUCCCGCCGUUGGUUCGCCCCUCGGCUUUUCCCUGCCCCCUGGUUUUCCUUUGGCCUUUUUUGGCCUUGGGGGCUUGGGUUUUUCCGGGCGCCGCUUUCCCCCGUUUUUACGGGGGUGCGUGCGCCCGGUUUUGCCGGGGGCGUUCCUUUCGGCGGGUUCGGGGCUCGCUUCGGCGGUUCCUCUGGCCGGUUUCCGCUUCCCCGUUUGGAGUUUCCCGGGCUUUUUGCUUUCCUUGGGGUUUUCCCCUUGGUUUGCUGUUUUGCCCGGGGGGCUGCGCUCGGCCGCGCGCGUCGCCCGGUCGCGUGGCCGCCUCCGCUGGCUCGGCCCGCGUUUUUCGCGGGCCGUUUUUUU,-824.200012207,1,1,A
12,12,,,0,,0,A
13,13,.(((.(((((.((((((.(((.(.......(((......(((((.(.((((((((((((.(((((((((.....(((((((.....)))))))...)))))))))..))))))))..(((.(((.....((((((((((.((((((((.((((((.....))))))..).))))))).))).......((....)).)))))))....))).)))..)))).).)))))...)))((((((((...((((.((...(((((((((..((((.(((.........(((((((.((..((((((((((.....))))))))))..))...((....))....)))))))..(((...((((.(((((....)))))..))))..)))....))).))))...)))....)))))).)))))).(((((.....)))))...((((((..((.(((.(.((....)).).))).))...))))))....((((.(((((..(((.....)))..)).)))..(((((.(((.((((((.........((.((((......))))))))))))....(((((.((((((((((((..(((((((....))))))))))).))))))))..((.(((((....))))).))..)).)))))).))))).)))).)).))))))....).))).)))))).)))))))).....(((((((((...((((.(((.((((....)))).)))...(((((...(((.((....)).)))..(((((((........))))))).....))))).)))).....(((((((((.....)))))))))......)))))))))....,UGCCUGGGGGUGCGCCGUGCGUGUUUUUUUCGGUUUUUUCCCGCUCUGGGCCCCGCCCCUGGCGGCCCCUUUUUGCGCCGGUUUUUCCGGCGCUUUGGGGCCGCCUUGGGGCGGGUUCGCUGGGUUUUUGCGGCGCGCGUCGCGCCGCUCCGGCCUUUUUGGCCGGUUGUCGGCGCGUCGCUUUUUUUGCUUUUGCUGCGCCGCUUUUCCCUGCGUUGCCCUGUGCGGGUUUCCGGGGGCCCCUUUCGGCUCGUUUGGCCGGGGCUUGCCGUGGCUUUUUUUUUCGCCCCCUCGUUCCGGCGCGGCUUUUUGCCGCGCCGGUUCGUUUCCUUUUGGUUUUGGGGGCGUUGCCUUUCGCCUCGGGGUUUUCCCCGUUGGCGUUGGCUUUUGCCUCGGCUUUGCCUUUUCCGGCCUCGGCCGUGGGCCUUUUUGGCCCUUUGCGCGGUUCGUGGGUGUCGUUUUCGUCUCCCUCGUUUCCGCGCUUUUGCCCUCGGGCUUGGGUUUUUCCCUUGCUCCGUUCGGCCUCCCUGCGCGCUUUUUUUUUCGUCCGGUUUUUUCCGGCGGCGCGCUUUUCCGCCUGCGCCCGGCGGCUUGGGGGGGUUUUCCCCCCCGUCGUCCGGGCGCUUGCUGCCGCUUUUGCGGCUGCUUGGUCGGGGGUGGCUGUGGGCUGGUGGCCCCUUUUCUCGCUCGGCGCUCCCCCGGCUUUUUGCGCCCCGCUUUGGCCUCGCUCGCGUUUUCGCGUGCGUUUGCCCGUUUACGUGGUUUUCCUCGUUUCGCGGGGUUUUUUUUCCCCGCGUUUUUCGGGCUGGCCUUUUUCGCCCGCGCUUUUUGCGCGGGCGUUUUUUGCGGGGCGCUUUU,-519.099975586,1,1,A
14,14,......(((.(((((((..........(((.((((.....)))).))).((((((((.((((((((((((...((((.((......)).))))..))))))))..)))))))))))).....((((...(((((((....((((((((((.(((......)))....))))))))))...........((....)).)))))))..))))...))))))).....((....))..)))..((.(((((........))))).)),AAAAAACGCAGGCGGCCAAAAAAAAAAGGCACGGGAAAAACCCGAGCCACGGCCGGCAGGGUGCGGCCCCAAACCUCACCAAAAAAGGAGAGGAAGGGGCCGCAAACCCGCUGGCCGAAAAAGUGCAAAGGGCGGCAAAACGGGGCCGGGACCCAAAAAAGGGAAAACCCGGUCCCGAAAAAAAAAAACUAAAAAGAGCCGCCCAAGCGCAAAGGCCGCUAAAAAGCAAAAGCAAGCGAAGAACGGGGAAAAAAAACCCCGAUC,-132,1,1,A
15,15,.....(((.(((((.((((.((..........((((((((.((((..((((((((..((.....((((((....))))))..((((((..((((((((((((.(((((((.((...(((((((((((((((..((((((....))))))...)))))))...(((((((.((((......)))))))))))....(((....)))))))))))...(((((((.(((((((((((..((((((((.......))))))))))))..))))))).(((.((((....))))..((((((...(((.(((((.(((....((((((.(((.((((((((.....))))....((((((...(((((....))))).))))))...))))...((((((((...)))))))).((((((((((.......))))))))))..))).))))))..)))))))))))....))).)))....))))))))))....))))))))))))))))))))).....(((((...((((((((((((((((((((((....(((((((.....)))))))...))))))))...((((.((((((((.((((...((((((.((((.((((((((((((((........)))).))))))))))..((((((((.......((.(((.((..(...((((...(((((..(((((....(((.(((...................))).))).))))).)))))..)))).(((((((.((..((((((((((.....))))))))))..))...((....))....)))))))..(((...((((.(((((....)))))..))))..)))..)..)).)))..))......)))))))).)))).))))))..)))).))))).))).)))).))))))..))))..)))).)))))..(((.(((((...))))).)))....))))))...))...)))))))).(((((..((((((.((....))...((((......))))..))))))..(.(((((.(((((((.(((..((((((((....)))))))))))..)))))))..((.(((((.....))))).)).....)))))).))))).)))).)...))))))).(((((((((((((..((((((....(((((((((.....(((((((..((((....))))..)))..)))).....)))))))))..(((((..(((((((........))))))).....)))))...((((...((((((((.......))))))))...))))....(((.....)))......))))))..((((.(((..(((((((((((((..((((((((((....))))))))))..)))))))))))))..))).)))).............)))))).))))))).)).)))).))))))))...,UUUUUGGCUCGGGGUGGGCUGCUUUUUUUUUUCGGCCGGCUCCGCUUCCCGGGCGUUCCUUUUUGCGGCCUUUUGGCCGCUUCGCGCGUUCCCGCCGCGCCGUGCCCGCGUGGUUUGGGGGCGCCCGGCGCUUGCCCCCUUUUGGGGGCUUUGCGCCGGUUUCCCCGCCUCCCCUUUUUUGGGGGGCGGGGUUUUGGGUUUUCCCGCGCCCCCUUUCGCCCCCUCCCCGGCGGCGUUGGCGCCCGUUUUUUUCGGGCGCCCGCCUUGCCGGGGUGCCUGGCGUUUUCGCCUUGCCCGGUUUGGGUCCGGGUCCGUUUUGGCCCCUGGCUCCCGGGCCUUUUUGGCCUUUUCGCCCCUUUGCCCCUUUUGGGGCUGGGGCGUUUCGGGUUUCGGGCGGGUUUCCCGCCCGUCGCGGGCCCCUUUUUUUGGGGCCCGCGUUGCCUGGGGCCUUCGGCCCGGCCCUUUUCCGUGGCUUUUGGCGGGGGCGUUUUCCCGCGGGCCGGCGCGGCGGGUUUUUCGCCCUUUGCCGCCCGGCCGCCGGCGCCGCUUUUCCCCCGCUUUUUGCGGGGGUUUGCGGCGCCUUUGGCCUGGGCCGCCUGCCCUUUGCGCGCUGCGGUCCCCCGGGGCCCGCUUUUUUUUGCGGUGCCCCGGGGGUUCCGCCGGCUUUUUUUCGUCGGUGGUUCUUUGCGGUGUGCGGCUUCGGGGUUUUGCCUCGCUUUUUUUUUUUUUUUUUUUGCGUGGCUCCCCGUGCCGCUUCCGCUGGCGCGCUCGUUCCGCGCGCGCUUUUUGCGCGCGCGGUUCGUUUCGUUUUCGUUUUGCGCGCCUUCCGUUUGGCGUGCGGGUUUUCCCGCUUCGCCUUCGGUUGUUCCUCCGUUCGUUUUUUGCCGGCGGUCCGCUGCGCGCUUGGGCUGGCGGUCCCUGGCCUGGCGGCUUCGGGUUCGGCUGGGCGUUCGCUGCGGGUUUCCCGCUGCGUUUUCGCGCGUUUGGUUUCGCCCGGGUCCGCGUUGCCCCCUCCUUUUGGUUUCCCGUUUUUUCGGGUUGGGGGCUUGUCCGCCUGCGCCGCUCCGUUGGCCGGCGUUUUCGCCGGCCCGGUUGCGGCGCUUGGUGGCGCUUUUUGCGCCUCCUUUUUGGCGGCUCGCGGUGCGGUGUUUCCGGCCGUGGCGGGCCCCCCGUUGCGGCCUUUUCCCGCGCCGUUUUUGGGGGGCUUGCGGUUUUCCGCUUGCCUUCCCCUUUUUCGGCGCGGGUUGCCGGUUCGCCCGCUUUUUUUUGCGGGCGUUUUUCCGGCUUUGCCGUUUCGCGCCGCUUUUUUUGCGGCGCGUUUCGGCUUUUGGGUUUUUCCCUUUUUUGGCCGCUUCGCGUCCGUUCCCGCCCGGCGCGUUGGCGGCCCGCUUUUGCGGGCCGCCUUCGCGCCGGGCGGGUUCGGUCGCGUUUUUUUUUUUUUCGGGGGUGCCCGCCUGCUGCCCUCCCCGGCCUUU,-1007.09997559,1,1,A
16,16,......(((.....))).((((((..(((.........((.(((((....))))).))(((((((.(((........(((((((..((...(((((((((..(..((.((..((....))..)).))...)..).....(((((((((((....)))))))))))............))))))))..))))))))).((((((.(((..((((((((.......)))))))))))...))))))..))).((((....)))))))).)))...)))....))))))...,AGAAAAGGGGAAGGCCCAGCCGCCAACCCAAAAAAAAACCAGGGCGAAAACGCCCAGGCGGCGGCACGCAAAAAAAACGGGCCCAACGAAACGGCGCCGGGGCAAGCACGAACCAGAAGGAACGAGCGAAGAACAAGAAGGGCCCCCCCCAAGAGGGGGGGGCCCAGAAAAGAAGAACGGCGCCGAGCGGGGCCCGACGGGGCACCGAAGCGGCGGGAAAAAAACCCGCCGCCGGAAAGCCCCGAAGCGAGGGGAAAACCCCGCCGACCGAAAGGGAAAAGGCGGCAAG,-152.399993896,1,1,A
17,17,..((((..(((((((...(((...(((((((((.....))))))))).((((((((..((.(.(((((..(((((.((((..(((((((..(....((((((.....))))))..)..)))))))...)))).))).))..)))))....(((((.((((.((((((((((((((......))))...))))))))))....)))).)))))..(((.((((....))))))).....).)).))))))))......(((((((...........)))))))..)))..))))..))).......((((((..((((..(((((....)))))..))))...((....)).....))))))...))))......(((((....))))).,UUGCCCUUCCGUGGCUUUCGGUUUGCGCGGCGGUUUUUCCGCCGCGCUGGGCCCCCUUCGUCUGCGGCUUGCGGGUCCCUUUCGCCGGCUUCUUUUUCUGCCUUUUUGGCGGGUUGUUGCCGGCGUUUGGGGUCCCUGCUUGCCGCUUUUGGGCCUCGCCUGCCCGCGGGGGAGCUUUUUUGCUCUUUCCCCGCGGGCUUUUGGCGUGGCCCUUCGCUGGGGUUUUCCCCGCGUUUUUGUCGUGGGGGUCCUUUUUUGGCCGCGUUUUUUUUUUUCGCGGCCUUCCGUUGCCGUUCGGUUUUGUUGCCCCGUUGGGGUUCCGGGUUUUCCCGGUUCCCCUUUGGUUUUCCUUUUUCGGGGCUUUGGGCUUUUUUCGGGCUUUUGCCCGU,-224.800003052,1,1,A
18,18,.((((((.(((((.((.((((..(((((........)))))..((.(((..((((.((((...(((.(((..((((((..((...(((((((...((((.(((((((.(((((((..((((((....))))))...)))))))...(((((((((.((......))))))))))).....(((((((((........))))))))).))))))).)))))))))))...))..))))))(((((((.......))))))).)))))).)))).....))))..))).))....)))).))..(((((.((......)).))))).((((....))))..)))))..(((.......)))..(((((....)))))..)))))).....(((.(((((((.....)))))))..)))..,UGGCCCCUGGCCGUCCUCGGUUUGCGCCUUUUUUUUGGCGCUUGCUGCCUUGGGGUCCGGUUUCGCUCGGUUGGCGGCUUCCUUUCCCGCGCUUUCGGGUCGCGGCGUGCCCGGGUUGCUCCGUUUUCGGAGCUUUCCCGGGCUUUCCGCCGGCCUCGUUUUUUCGGGCCGGCGGUUUUUCUCGCCGCGUUUUUUUUCGCGGCGAGUCGCCGCGUCCCGGCGCGGGUUUGGUUGCCGCCCGUCCCCUUUUUUUGGGGGCGUCCGGCGUCCGGUUUUUCCCCUUGGCUGCUUUUACCGUGGUUCCCGGUCUUUUUUUAGUCCGGGUGGCGUUUUCGCCUUCGGCCUUGACUUUUUUUGUCUUCCGGGUUUUCCCGGUUGGGGCCUUUUUCGCUCCGGGGCUUUUUGCCCCGGUUGCGUU,-255.100006104,1,1,A
19,19,,,0,,0,A
20,20,....((.(((..((((...(((......(((((.......((((.(.(((.(((((....((((((((((...((((.((......)).))))..)))))))))).....))))).((((((.(((...((((.(((...((((((((((.(((......)))....))))))))))...))).(((.((....)).))))))).)))))))))...))).....((....))...).))))...((((.........))))...)))))..)))..))))...))).)).........,AAAAGGACCGAACGGGAAAGGCAAAAAAGGGCGAAAAAAACGGCGCAGGGACGGGCAAAACCGGCGCCGGAAAGGGCAGGAAAAAACCAGCCCAACCGGCGCCGGAAAAAGCCCGAGGCGGGAGGGAAAGCCGAGGGGAAGGGCCGCGGGAGCCAAAAAAGGCAAAACCCGCGGCCCAAACCCAGGGACCAAGAGGACCCCGGCACCCCCCGCCAAACCCAAAAACCAAAAGGAAAGAGCCGAAACCCCAAAAAAAAAGGGGAAACGCCCAAGCCAACCCGAAACGGACCAAAAAAAGA,-145,1,1,A
21,21,.......(((((((((..(((....)))..))))))))).((((((..(.((((......(((((((.(((((..(((((((((((..((.((((((....)))))).))...))))))...(((....)))...........))))).)))))...)))))))((((((((((..(((((((.((....))))))))))))..)))))))..(((((((.........)))))))..)))).)..(((.(((...((((((..((((((...........))))))....))))))...((((....)))).))))))...))))))...((((......((((.((.(((.(...((((.....(((((................)))))....(((..(((((((..(((((((((.((....)))))...))))))..)))))).)...))).........))))....).))).)).)))).((((((((..(((((((..(....((((((.....))))))..)..)))))))...))))))))...((((((((...(((((((((..((((((((((.(((......)))....)))))))))).....))....((....)).)))))))..))).)))))..))))..,UUUUUUUGCGCGCCGCUUCCCUUUUGGGUUGCGGCGCGCUGCCCCGUUGUCGGCUUUUUUCCCCGGGUGCGCCUUGCCCGGGGGGGUUGCUCCCCGCUUUUGCGGGGUGCUUUCCCCCCUUUGCCUUGUGGCUUUUUUGUUUUCGGGCUGGCGCUUUCCCGGGGGGGCGCCCGGUUCCCCGCGUCCUUUUGGCGCGGGGCCGUUGGCGCCCUUCCCCGGCUUUUUUUUUGCCGGGGUUGCCGUCUUGCCUGCCUUUGCGGCCUUGCCGGCUUUUUUUUUUUGCCGGCUUUUGGCCGCUGUGCCGUUUUCGGCUGGCGGCUUUCGGGGCUUUCGGGUUUUUUGCGCUGGUCCGUCUUUCCGGUUUUUGCGGGUUUUUUUUUUUUUUUUCCCGCUUUUGGCUUCCGCCGGUUGCGCCGCCGUCGUUUUCGCGGUUUCGGCGCUUCCGGCGUGUUUGCCUUUUUUUUUCCGGUUUUGUCGGUCCUGCGCUGCCCGGGGUUCCGCCGGUUGUUUUCGCGGGUUUUUCCCGCGUUCUUCCGGCGGUUUCCCCGGGCUUUGGCGGGGCUUUGGGGCGCCCUUGGGGCGCCCGUGCGUUUUUUCGCUUUUCGGGCGCCCCUUUUUGGUUUUGCUUUUGCUGCGCCCCUUGCCUCCGCCUUCCCGUU,-391.799987793,1,1,A
22,22,....((((....))))(((...(((....)))..((((......((((....)))).....)))).))).((((((.(((..(((..(.(((((.(((((((.......((((......((((((((((.((....))))...))))))))))))...((((((((.......(..(((.......((((.(.((((((((((....((((((((......((((((.....))))))....)))))))).....))))))...((((((((...((((.(((...(((((((((.((((........))))..)))))))))...)))..((.((....)).)).))))..))))).)))..)))).).))))...(((((((...((...((((.........))))...))))))))).........(((((((.(((.((((((((....)))))))).))).(((((....)))))))))))).)))..).((((..((((....))))...))))....))).))))))))))))......((((((.((((((((((....((((.(....).))))........((((((((......((((((.....(((((((....)))))))..((((....))))...)))))).((((..((.(((((((.((((.(((((((((....)))...(((......)))...))))))....((((..(((((((((.((((((.....)))))).)))..))))))..((.(((((.....))))).)).....))))..)))).).))))))))..))))....))))))))..)).))))))))((((.(((((((.....((((.(((.(((....))).).))...)))).....)))))))...((((....(((((((........))))))).......((((.(((.....(((((((..........)))))))....))))))).)))).))))...))))))..))))).).((((..(((((((..((((..((.((((..(((.....))).)))).))..(((....((((.....))))....)))..........(((((((((....)))))))))))))..)))))))...))))...))).((((((((((....))))))))))..))))))))).,UUUUCCCCUUUUGGGGCGCUUUCGGUUUUCCGUUGGGCUUUUUUCCGCUUUUGCGGUUUUUGCCCUGCGUCGCGCCUGGGUUGCGUUGUGCGGGUGGGCCGGUUUUUUUGGGCUUUUUUGGGGGCGCGGUCCUUUUGGCCUUUGCGCCCCCGCCCUUUGGGCCGCCUUUUUUUCUUCGGUUUUUUUGCGGUGUCGGGGGGCGCUUUUCCGCCGCGUUUUUUCGGCCCUUUUUGGGCCGUUUUCGCGGCGGUUUUUGCGCCCUUUCGCGGCGCUUUGGCGUCGCUUUCGCCGCCCGUGCGCUUUUUUUUGCGCUUCGGGUGGCGUUUGCGUUCCUGCUUUUGCUGGUCGCCUUGCGCCUGCGUUCCCGUCUCCGCUUUGGCCCGCUUUGGUUUGCCGUUUGUUUUUCGGCUUUCCGCGGGCCUUUUUUUUUCCCGGCCUGGGUGUGGGCGGUUUUCCGCCCACUCCCUGACCCUUUUGGGUCGGCCGGGUCCGUUGUCCGGUUGGGGUUUUCCCCUUUCCGGUUUUGGCUGGCCCCCGGCCCUUUUUUCCCCGCUGGCCGGGGCGUUUUCCGGUCUUUUGUCCGGUUUUUUUUGGCCCCCGUUUUUUGGGCCGUUUUUGCGCGGGUUUUCCCGCGCUUCCCCUUUUGGGGUUUCGGCCCUGGCCUUGGUCGCGGGCUCGCGUCCGCGGCGCUUUUGCGUUUCCCUUUUUUGGGUUUCCGCGGUUUUGGGUUUGGGCCUGCCUGGCGGGUUUUUCCCGCCUGGCUUGGGCCCUUCGUCGCGCUUUUUGCGCGUCGUUUUUGCCCUUCGCGUGUCCCGCGCCUUGGCCUUUUCGGGGGCCUUCGUCCCCGGCCGCGCUGCCGCCGUUUUUCGGCUGCCUGCCUUUUGGCUGUGCUUUGUCGUUUUUCGGCGGCUUUCGGCUUUUCCGGGCGUUUUUUUUCGCCCGGUUUUUUUGCGCUCCCUUUUUGGCGGGGUUUUUUUUUUCCCCGCCUUUUGGGGCGCUGCCGUGCGCUUUGCGGGGUUCCCGCUCUGGCGUUGGGCGCCUUCCGGUUGGUGCCGUUCCGUUUUUCGGUCGGCUCCUUGGCUUUUGGCCUUUUUGGCCUUUUGCCUUUUUUUUUUGCGCCCGCGUUUUCGCGGGCGCCCGGUUGGCGCCCUUUCGCCUUUCGCUGCCGGCCGCGUUUUCGCGGCCGGCUUCCCGGCGCGU,-677.5,1,1,A
23,23,,,0,,0,A
24,1,((((((....(((((((((.......(((...))).........)))))..))))....)))))),GGCGCGUUUUGCUUCCUCCUUUUUUUCCCUUUGGGUUUUUUUUUGGAGGUUGAGCUUUUUGUGCU,-21.2999992370605,1,1,B
25,2,((((((.((...((((((...))))))..)))))))).....((((((((((....)))))))))).............,UGAUGCAUGAAACGCGGCGUAGCCGUGCGCAGCAUUAUAUUGCGCUUGCGGGGAGGUCUGUAGGUGAAUUUUUCCGUCC,-26.2999992370605,1,1,B
26,3,...((((((....((((((((.........(((...(....)....))).........)))))).))...(((((.....((((((.((....))))))))....)))))...))))))...,AAAACGGGCAAAACGGGGCUCAAAAAAAAAGGUGAAGGAAACAAAAGCCAAAAAAAAAGAGUCUACGAAAUGACGAAAAAGCCCCCUGAAAUAUCGGGGGCAAAAUGUUAAAAGUUUGUAAA,-26.2999992370605,1,1,B
27,4,(((...(((((....)))))...)))...((((((.(((..((((((..((((((((....)))))))).(((((((((.....))))))))).....))))))(((..(((.((((((((((....))))))))))...)))))).....)))))))))......,GGUUUUUUUGGUUUUCUGGGUUUGCCUUUAGUAGCUGGGUUGGGGUCUUGUCCGCACUUUUGUGUGGGCUACCCUCUGGUUUUUCCAGGGGGUUUUUUGACUCCUGGUUAGCUCGGCGGGUCUUUUUGGAUCUGCUGUUUGCUCCAUUUUUUCCGUUACUUUUUUU,-64.1999969482422,1,1,B
28,5,,,,,0,B
29,6,(((((...(((...........)))...(((((((................)))))))((((((....))))))........(((((((.((...((((..(((.....))).......))))...)).................((((((((((...................))))))))))))))))).((((((((.....)))))))).............)))))((((.((......)))))).....(((((.......))))).....(((((.......)))))(((((((....)))))))..,GUCCCAAAGGUAAAAAAAAAAAGCCAAAUAUUGUGAAAAAAAAAAAAAAAACGCAAUAACGAAGAAAACUUUGUAAAAAAAAGGUGACGAGUAAAAGCGAAGGCAAAAAGCUAAAAAAACGCUAAAGCAAAAAAAAAAAAAAAAAGCCGUAUCUGAAAAAAAAAAAAAAAAAAACAGGUGCGGCCGUUGCCAGGUUCUCCAAAAAGGGGGAUCAAAAAUAAAAAAAGGGGCUGCGACUAAAAAAGGCGCAAAAAAGUCCGAAAAAGAUGGGCAAAAAGACGGAAAGAAACCGUCCGGUCUGAAAACAGACCGAU,-81.3000030517578,1,1,B
30,7,(((((((((((((..((((.....((((.........(((((........)))))...........))))...................((((......(((((.....)))))(((((((.....)))))))(((((((.............((((((.((((.(((......))).((((.(((((.((.((((.(((....))).))))))))))).....)))).))))))))))........)))))))))))....................))))(((((((.((((...)))))))))))..................))))))))))))).,GCCGGGGGUGGUGAACGGUAAAAAGGAGAAAAAAAAAGAUGGAAAAAAAACCAUCAAAAAAAAAAACUCCAAAAAAAAAAAAAAAAAAAGCGGAAAAAACUCUAAAAGAUGGGGGUCUAGGAAAAACUUGGACUCCGGCGAAAAAAAAAAAAAGCCUGAACGGCACGGAAAAAACCGACGUUAGAUGGACCACCUUAGGUAAAAGCUAAAGGGGCUGUUAAAAAGGCGAGUUGUCGGGCAAAAAAAACGUCGGACCGCAAUAAAAAAAAAAAAAAAAAGCCGGGCGAGCAGUCGAAACGGCGUUUGCUAAAAAAAAAAAAAAAAAAUAUUACCCCUGGCA,-94,1,1,B
31,8,........................................................(((((((.((.....)).)))))))...((.(((.(((.....)))..))).))..........(((.((.((((((......(((((.(((((.....)))))...)))))(((.....))).))))))...)))))..........(((((......)))))........(((((....((((((......)))))).)))))....(((((((((((.((((...........))))))))....(((.((((.((((......)))).)))).))).))))))).(((((((((((....))))))))))).,UUUUUUUUUUUUUUUUUUUUUUUUUUUUUUUUUUUUUUUUUUUUUUUUUUUUUUUUGCCCCCGUGAUUUUUUCUCGGGGGCUUUCGUAUGUCUGUUUUUCAGUUCGUUUGUUUUUUUUUUCGGUCCUAGCGAGUUUUUUCCGGCUCGCCUUUUUUGGGCGUUUGUCGGGGCUUUUUGCCUCUCGUUUUUGGUCGUUUUUUUUUUAUAUCUUUUUUGAUGUUUUUUUUUUCCGGUUUUGUGGUCUUUUUUGACCAUUCUGGGUUUUAGGGCGCCUGCUGGCUUUUUUUUUUUUGGUCGCAGUUUUGCGUCGUGUCGUCUUUUUUGGUGUCGCGUUGUUGCGUUCUUAGGUAUGUGUUUUUUGAUAUAUGCCUU,-95,1,1,B
32,9,,,,,0,B
33,10,,,,,0,B
34,1,(((((((((....((.(((((...((..((((((.......))..))))..))....)))))..))(((.((..(.((....((....)).....)).).)).))).))))))))).,GGGGGGCGGUUUUGCUGGGCCUUUGCUUCCGGGCUUUUUUUGCUUCCGGUUGCUUUUGGCCCUUGCGGCUGCUUGUGGUGUUCGUUUUCGUUUUUCCUCUGCUGCCUCCGCCCCCCU,-55.4000015259,1,1,C
35,2,........................................(((((((......)))).......(((....((.....))........)))......)))....(((...)))(((((((((.....)))))..)))).............,GUUUUUUUUUUUUUUUUUUUUUUUUUUUUUUUUUUUUUUUGCCCCGGUUUUUUCCGGUUUUUUUCCCUUUUGCUUUUUGCUUUUUUUUGGGUUUUUUGGCUUUUCCCUUUGGGGCCCCGGGCUUUUUGCCCGUUGGGCUUUUUUUUUUUUU,-31.2000007629,1,1,C
36,3,...........((((((((((.(((((..........)))))))))))(((......(((.((..........))..)).).....))).(((.((.((.....)).))..))).))))...............(((((.(((((....))))).))))).,AAAAAAAAAAAGGGGGGGCCCACCCCCAAAAAAAAAAGGGGGGGGCCCGCCAAAAAGCCGACCAAAAAAAAAAGGAACGAGAAAAAGGCAGGCAGCAGCAAAAAGCAGCAAGCCACCCCAAAAAAAAAAAGAAAGGGCGAGGGGCGAAAGCCCCGCGCCCA,-68.5,1,1,C
37,4,......(((.((((....)))).))).....................((((((........)))))).(((((((...)))))))............................((((((((....((((....)))).))))))))..((((((.((((((...........))))))..)))))).......,AAAAAAGGGACAGGAAAACCUGACCCAAAAAAAAAAAAAAAAAAGAACGCGGCAAAAAAAAGCCGCGAAUGGGCCAAAGGCCCGUAAAAAAAAAAAAAAAAAAAAAAAAAAAAGGUGGCCGAAAAGGCCAAAAGGCCACGGCCACCAACAGGCGAGGACCGAAAAAAAAAAACGGUCCAAUGCCUGAAAAAAA,-76.0999984741,1,1,C
38,5,(((((((..((((.........)))).(((((.......))))).....(((((.......)))))))))))).,GCCGGCGGACGGCAGCUCUAUCGCCGACUGACAAAAUUGGUCAGGAAUACUCCGUCCGAUUCGGAGCGCCGGCU,-33.0999984741,1,1,C
39,6,.(((((.....((((.((((.......((((.....................(((......)))))))...)))))))).....))))),UGGCGCUUUUUGGGGUGGGCUUUUUUUCCGGUUUUUUUUUUUUUUUUUUUUUCGCUUUUUUGCGCCGGUUUGCCCCCCCUUUUUGCGCC,-32.7000007629,1,1,C
40,7,...(((((..........)))))........((((((((......))))))))(((((.......))))).............(((((..(((((..((..((.(((((.(((((.......))))).)))))...))....)))))))))))),UUUCCGGCUUUUUUUUUUGCCGGUUUUUUUUGCCGUGCCUUUUUUGGCACGGCCCGGCUUUUUUUGCCGGUUUUUUUUUUUUUCCCCGUUGGCCGUUGGUUGGUCCCCCUGCCCCUUUUUUUGGGGCUGGGGGUUUCCUUUUCCCGGCCCGGGG,-79.5,1,1,C
41,8,.((((((.(((((...))))).......((((........))))...)))))).,ACCCCCGACCGGCAAAGCCGGAAAAAAACGCCGAAAAAAAGGCGAAACGGGGGA,-26.2999992371,1,1,C
42,10,,,0,,0,C
43,11,,,0,,0,C
44,12,...........................................................................((((..............((((((((((((............((((..(((((((((......))))).))))..))))............(((((.(((((...))))).))))))))))))))))).......)))).,UUUUUUUUUUUUUUUUUUUUUUUUUUUUUUUUUUUUUUUUUUUUUUUUUUUUUUUUUUUUUUUUUUUUUUUUUUUUCCUUUUUUUUUUUUUUUCGGGAGGGCCGGUUUUUUUUUUUUCGGGUUCCCGUCGCCUUUUUUGGCGAUCGGGUUCCCGUUUUUUUUUUUUGAGGGUGGCGCUUUGCGCCUCCCUCCCGGCCCUCCCGUUUUUUUAGGAU,-74.0999984741,1,1,C
45,13,..(((((((((((((.(((.............((((.((((((................(((.(((((...(((((((.....((...(((((......)))))..))....)))))))..))))).)))..............)))))).))))...........))))))))))))))))...,GGGCGGGGGGCGCCCGCCGGGGGGGGGGGGGGCGCGGUGCGGGGGGGGGGGGGGGGGGGGGGGCCGCGGGGGCGGCGCGGGGGGCGGGGGCUGGGGGGGCGGCCGGGCGGGGGCGCCGCGGCGCGGGCCCGGGGGGGGGGGGGGUUCGCAGUGCGGGGGGGGGGGGCGGGGGCGCCCCCCGCGGG,-102.099998474,1,1,C
46,14,...(((((((.....)))))))...(((((.((((((((.....)))))))).)).))).(((((((.((.....)).)))))))..,UUUCCGGCGAUUUUUUCGCCGGUUUCUGGGUGGGGGGGCUUUUUGCCCCCCCUCCUCGGUCCGCGACUGGUUUUUCCUGUCGCGGUU,-55.7000007629,1,1,C
47,15,................((.(((((.(((................))))))))..))....((((...........)))).....(((.((((((((((...)).))))).))).)))...........((((....)))),AAAAAAAAAAAAAAAAGGACCGCCAGGCAAAAAAAAAAAAAAAAGCCGGCGGAACCAAAACCCGAAAAAAAAAAACGGGAAAAAGGCAGCGCCGGGGGAAACCACCCGGACGCAGCCAAAAAAAAAAACGCCAAAAGGCG,-47.2000007629,1,1,C
48,16,,,,,0,C
49,17,((((((((((......)))))))....(((....)))))).....((((((((..(((((.((.((..(((((((((((((((((((..(((......(((((((.((.(((((.((((.((((.((((((.((((((((.((....)).)))))))).)))))).......(((((......(((....(((......)))....)))....))))).)))).))))..)))))))....))))))).)))..))))))))).....)))))))))).)).)).))).))..)))))))),GCGGCGCGGCUUUUUUGCCGCGCUUUUCGGUUUUCCGCGCUUUUUCGGGGGCGUUGCCGGUCCUCGUUGGCCGGCCUGGCCGGCGGCUUUCCUUUUUUCCGCCGGUCGUGCCCCUGCCCUGCCCUGCGGGCUCCGGCCCCUGCUUUUGCUGGGGUCGGUGCCCGCUUUUUUUGGGCCUUUUUUGGGUUUUCGCUUUUUUGCGUUUUCCCUUUUGGCCCUGGGCUGGGCUUGGGGCCGUUUUCUGGCGGUGGAUUGCCGCCGGCUUUUUCGGGCCGGCCUCGUGGUCCGUGCUUCGCCCCCG,-199.199996948,1,1,C
50,18,,,0,,0,C
51,19,((((((((.((..((((((((....(((.((.....)).))).........))))))...))..)))))))))).........,GCUGUGGGUGCUUGCGCCCCGUUUUCGGUCCUUUGUGGUCCGUUUUUUUUUCGGGGCUUUGCUUGCCCCGCGGCUUUUUUUUU,-39.2000007629,1,1,C
52,20,,,,,0,C
53,21,........((((.(((((.((((((((((((...))))))....))))))))))).))))..........((((((....))))))((((((((((....))))))))))........,CCGCAUGAGGCGGUGGCCAGGCCCGCCGGCGUCACGCUGGUCGCCGGGCCGGCCAGCGCUGUUUACAAGAGGGACCGCACGGUCCCCGCUCGGGGCCGCGGCCCCGGGCGUAGAGAGA,-73.1999969482,1,1,C
54,22,........((((..((....((((((..((((((((....))))))))))))))))))))..................................(((((((.....))))))).((((((...))))))...................,AAAAAAAAGCGGAACCAAAAGGGGGGAAGGGGUGCCAAAAGGCGCCCCCCCCCCGGCCGCAAAAAAAAAAAAAAAAAAAAAAAAAAAAAAAAAACGGCGGGAGAAACCCGCCGACCCCGGAAACCGGGGAAAAAAAAAAAAAAAAAAA,-63.5,1,1,C
55,23,,,0,,0,C
56,24,.....((.((..........(((...(((.....)))....)))...................................((((((((......)))))))).......)).))......(((((((....(((.(((((.........((((................))))............))))).))))))))))..........,UUUUUCCUCGUUUGUUUUUUGGCUUUGGCUUUUUGCCUUUUGCCUUUUUUUUUUUUUUUUUUUUUUUUUUUUUUUUUUUGGGCGCUCUUUUUUGAGCGCCCUUUUUUUCGUGGUUUUUUCGGGCGGUUUUCGCUGGCGGUUUUUUUUUGCCCUUUUUUUUUUUUUUUUGGGCUUUUUUUUUUUUCCGCCUGCGCCGCCCGUUUUUUUUUU,-62.5,1,1,C
57,25,(((((......))).)).....................................................................................,GCCCCUUUUUUGGGUGCUUUUUUUUUUUUUUUUUUGUUUUUUUUUUUUUUUUUUUUUUUUUUUUUUUUUGUUUUUUUUUUUUUUUUUUUUUUUUGUUUUUUU,-7.40000009537,1,1,C
58,26,((((((.(((((((((((((((((((((..((((...))))...........))))))))))))))))))))))))))),CCCCAGAGGGGUCGGCGCCCCCGCCCCCUCGCCGCAACGGCACCUACUGCCUGGGGGCGGGGGCGCCGGCCCCCUGGGG,-73.0999984741,1,1,C
59,27,....(((((((((..............)))))))))...(((....................))).......................................(((((.((...((((((...((((((..............................................................................))))))..)).))))((...((((....(.(...........).)....))))...))............)).))))).(((((((((....)))))))))...................(((((....)))))..,UUUUGGGUGCACGUUUUUUUUUUUUUUCGUGCACCCUUUGCGUUUUUUUUUUUUUUUUUUUUCGCUUUUUUUUUUUUUUUUUUUUUUUUUUUUUUUUUUUUUUUCUCGGUCUUUUGGCCCGUUUGUCCGGUUUUUUUUUUUUUUUUUUUUUUUUUUUUUUUUUUUUUUUUUUUUUUUUUUUUGUUUUUUUUUUUUUUUUUUUUUUUUUCCGGACUUCGUGGCCCCUUUGGGGUUUUGUCUUUUUUUUUUUGUCUUUUCCCCUUUGGUUUUUUUUUUUUGGUCCGGGUGGGGCCGGGUUUUCCCGGCCCCUUUUUUUUUUUUUUUUUUUGGGGCUUUUGCCCCUU,-83.7699966431,1,1,C
60,28,..((((((((.(((((....)))))...))))))))..((((.((.................))..)).))..,UUGCCCCGGGUGCCCCUUUUGGGGCUUUCCCGGGGCUUGCGCUGCUUUUUUUUUUUUUUUUUGCUUGCUGCUU,-34.5,1,1,C
61,9,(((((((..........(((((.........((((((......).))))).........)))))........(((((.....((((......(((((.....)))))((((((.......))))))(((((((.............(((..........................................................................................)))........)))))))))))........................(((((((..................))))))).......)))))........)))....)))),GAGCACCUUUUUUUUUUCCUCCUUUUUUUUUGCGCUCUUUUUUGUAGCGCUUUUUUUUUGGGGGUUUUUUUUGGGCCUUUUUGGGCUUUUUUGGGAGUUUUUCUCCCGUGGGCUUUUUUUGCCCACGACGGGGUUUUUUUUUUUUUUCCUUUUUUUUUUUUUUUUUUUUUUUUUUUUUUUUUUUUUUUUUUUUUUUUUUUUUUUUUUUUUUUUUUUUUUUUUUUUUUUUUUUUUUUUUUGGAUUUUUUUUCCCCGUCGCCCUUUUUUUUUUUUUUUUUUUUUUUUCCCUAGGUUUUUUUUUUUUUUUUUUCCUGGGGUUAUUUUGGCCCUUUUUUUUGGUUUUUGCUC,-77.7200012207,1,1,C
62,18,....................(((.......)))...............(((((.....)))))...........(((((.....))))).........(((((.....))))).........((((.....)))).......(((((..........))))).(((.......))).........................................((.....))..............................................((......))................(((((......)))))..........((((((((((......))))))))))..........,UUUUUUUUUUUUUUUUUUUUGGGUUUUUUUCCCUUUUUUUUUUUUUUUGGCAUUUUUUAUGCCUUUUUUUUUUUGUGCCUUUUUGGCGCUUUUUUUUUGGCAGUUUUUCUGCCUUUUUUUUUGGCGUUUUUCGUCUUUUUUUGGGCUUUUUUUUUUUGGCCCUUCCUUUUUUUGGAUUUUUUUUUUUUUUUUUUUUUUUUUUUUUUUUUUUUUUUUUCCUUUUUGGUUUUUUUUUUUUUUUUUUUUUUUUUUUUUUUUUUUUUUUUUUUUUUGCUUUUCUGCUUUUUUUUUUUUUUUUCCGGCUUUUUUGCCGGUUUUUUUUUUCCCGCCCGGCUUUUUUGUCGGGCGGGUUUUUUUUUU,-73.5,1,1,C
63,27,....(((((((((..............)))))))))...(((....................))).......................................(((((.((...((((((...((((((..............................................................................))))))..)).))))((...((((....(.(...........).)....))))...))............)).))))).(((((((((....)))))))))...................(((((....)))))..,UUAUAAGCGGCGUUUUUUUUUUUUUUUACGCCGCUUUUUCGCUUUUUUUUUUUUUUGUUUUUGCGUUUUUUUUUUUUUUUUUUUUAUUUUUUUUUUUUUUUUUUACCCCUGCUUUCCCGCCUUUGGCGCCUUUUUUUUUUUUUUUUUAUUUUUUUUUUUUUUUUUUUUUUUUUUUUUUUUUUUUUUUUUUUUUUUUUUUUUUUUUUUUGGCGCCUUGGUCGGGGUUUUGGGGUUUUGUCUUUUUUUUUUUGUCUUUUCCCCUUUACGUUUUUUUUUUUGCUGGGGUUCUGCGGCGGUUUUCCGCCGCAGUUUUUUUUUUUUUUUUUUUCCCCCUUUUGGGGGUU,-82.4700012207,1,1,C
64,29,.((((((((..((((((((.....(((((((.........((((((......................))))))......))))))).........................((((.....))))...........................((((((......)))))).(((.....(((((.....(((........((((((((...))))))))....)))...))))).)))...................................)))))).((((((.................))))))...................)).)))))).)),ACCGUCGCGAAGGGCGCGGAAAAAGCGACGGAAAAAAAAAGCGGGCAAAAAAAAAAAAAAAAAAAAAAGCCUGCAAAAAACCGUCGCAAAAAAAAAAAAAAAAGAAAAAAAAGUCCAAAAAGGGCAAAAAAAAAAAAAAAAAAAAAAAAAAACCCGCAAAAAAAUGCGGGAUGGAAAAACCCCCAAAAAAACAAAAAAAAGGACCGGGAAACCCGGUCCAAAAGUUAAAGGGGGACCAAAAAAAAAAAAAAAAAAAAAAAAAAAAAAAAAAAACCGCGCAGGGGCCAAAAAAAAAAAAAAAAAGGCUCCAAAAAAAAAAAAAAAAAAACCACGCGACAGG,-92,1,1,C
