id,length,structure,sequence,mfe,fitness,status,datasetID
8,54,.((((((.(((((...))))).......((((........))))...)))))).,ACCCCCGACCGGCAAAGCCGGAAAAAAACGCCGAAAAAAAGGCGAAACGGGGGA,-26.2999992371,1.0,1,C
1,65,((((((....(((((((((.......(((...))).........)))))..))))....)))))),GGCGCGUUUUGCUUCCUCCUUUUUUUCCCUUUGGGUUUUUUUUUGGAGGUUGAGCUUUUUGUGCU,-21.2999992370605,1.0,1,B
28,73,..((((((((.(((((....)))))...))))))))..((((.((.................))..)).))..,UUGCCCCGGGUGCCCCUUUUGGGGCUUUCCCGGGGCUUGCGCUGCUUUUUUUUUUUUUUUUUGCUUGCUGCUU,-34.5,1.0,1,C
5,74,(((((((..((((.........)))).(((((.......))))).....(((((.......)))))))))))).,GCCGGCGGACGGCAGCUCUAUCGCCGACUGACAAAAUUGGUCAGGAAUACUCCGUCCGAUUCGGAGCGCCGGCU,-33.0999984741,1.0,1,C
26,79,((((((.(((((((((((((((((((((..((((...))))...........))))))))))))))))))))))))))),CCCCAGAGGGGUCGGCGCCCCCGCCCCCUCGCCGCAACGGCACCUACUGCCUGGGGGCGGGGGCGCCGGCCCCCUGGGG,-73.0999984741,1.0,1,C
2,79,((((((.((...((((((...))))))..)))))))).....((((((((((....)))))))))).............,UGAUGCAUGAAACGCGGCGUAGCCGUGCGCAGCAUUAUAUUGCGCUUGCGGGGAGGUCUGUAGGUGAAUUUUUCCGUCC,-26.2999992370605,1.0,1,B
19,83,((((((((.((..((((((((....(((.((.....)).))).........))))))...))..)))))))))).........,GCUGUGGGUGCUUGCGCCCCGUUUUCGGUCCUUUGUGGUCCGUUUUUUUUUCGGGGCUUUGCUUGCCCCGCGGCUUUUUUUUU,-39.2000007629,1.0,1,C
14,87,...(((((((.....)))))))...(((((.((((((((.....)))))))).)).))).(((((((.((.....)).)))))))..,UUUCCGGCGAUUUUUUCGCCGGUUUCUGGGUGGGGGGGCUUUUUGCCCCCCCUCCUCGGUCCGCGACUGGUUUUUCCUGUCGCGGUU,-55.7000007629,1.0,1,C
6,89,.(((((.....((((.((((.......((((.....................(((......)))))))...)))))))).....))))),UGGCGCUUUUUGGGGUGGGCUUUUUUUCCGGUUUUUUUUUUUUUUUUUUUUUCGCUUUUUUGCGCCGGUUUGCCCCCCCUUUUUGCGCC,-32.7000007629,1.0,1,C
25,102,(((((......))).)).....................................................................................,GCCCCUUUUUUGGGUGCUUUUUUUUUUUUUUUUUUGUUUUUUUUUUUUUUUUUUUUUUUUUUUUUUUUUGUUUUUUUUUUUUUUUUUUUUUUUUGUUUUUUU,-7.400000095369999,1.0,1,C
1,117,(((((((((....((.(((((...((..((((((.......))..))))..))....)))))..))(((.((..(.((....((....)).....)).).)).))).))))))))).,GGGGGGCGGUUUUGCUGGGCCUUUGCUUCCGGGCUUUUUUUGCUUCCGGUUGCUUUUGGCCCUUGCGGCUGCUUGUGGUGUUCGUUUUCGUUUUUCCUCUGCUGCCUCCGCCCCCCU,-55.4000015259,1.0,1,C
21,118,........((((.(((((.((((((((((((...))))))....))))))))))).))))..........((((((....))))))((((((((((....))))))))))........,CCGCAUGAGGCGGUGGCCAGGCCCGCCGGCGUCACGCUGGUCGCCGGGCCGGCCAGCGCUGUUUACAAGAGGGACCGCACGGUCCCCGCUCGGGGCCGCGGCCCCGGGCGUAGAGAGA,-73.1999969482,1.0,1,C
3,122,...((((((....((((((((.........(((...(....)....))).........)))))).))...(((((.....((((((.((....))))))))....)))))...))))))...,AAAACGGGCAAAACGGGGCUCAAAAAAAAAGGUGAAGGAAACAAAAGCCAAAAAAAAAGAGUCUACGAAAUGACGAAAAAGCCCCCUGAAAUAUCGGGGGCAAAAUGUUAAAAGUUUGUAAA,-26.2999992370605,1.0,1,B
15,140,................((.(((((.(((................))))))))..))....((((...........)))).....(((.((((((((((...)).))))).))).)))...........((((....)))),AAAAAAAAAAAAAAAAGGACCGCCAGGCAAAAAAAAAAAAAAAAGCCGGCGGAACCAAAACCCGAAAAAAAAAAACGGGAAAAAGGCAGCGCCGGGGGAAACCACCCGGACGCAGCCAAAAAAAAAAACGCCAAAAGGCG,-47.2000007629,1.0,1,C
22,148,........((((..((....((((((..((((((((....))))))))))))))))))))..................................(((((((.....))))))).((((((...))))))...................,AAAAAAAAGCGGAACCAAAAGGGGGGAAGGGGUGCCAAAAGGCGCCCCCCCCCCGGCCGCAAAAAAAAAAAAAAAAAAAAAAAAAAAAAAAAAACGGCGGGAGAAACCCGCCGACCCCGGAAACCGGGGAAAAAAAAAAAAAAAAAAA,-63.5,1.0,1,C
2,151,........................................(((((((......)))).......(((....((.....))........)))......)))....(((...)))(((((((((.....)))))..)))).............,GUUUUUUUUUUUUUUUUUUUUUUUUUUUUUUUUUUUUUUUGCCCCGGUUUUUUCCGGUUUUUUUCCCUUUUGCUUUUUGCUUUUUUUUGGGUUUUUUGGCUUUUCCCUUUGGGGCCCCGGGCUUUUUGCCCGUUGGGCUUUUUUUUUUUUU,-31.2000007629,1.0,1,C
7,154,...(((((..........)))))........((((((((......))))))))(((((.......))))).............(((((..(((((..((..((.(((((.(((((.......))))).)))))...))....)))))))))))),UUUCCGGCUUUUUUUUUUGCCGGUUUUUUUUGCCGUGCCUUUUUUGGCACGGCCCGGCUUUUUUUGCCGGUUUUUUUUUUUUUCCCCGUUGGCCGUUGGUUGGUCCCCCUGCCCCUUUUUUUGGGGCUGGGGGUUUCCUUUUCCCGGCCCGGGG,-79.5,1.0,1,C
3,161,...........((((((((((.(((((..........)))))))))))(((......(((.((..........))..)).).....))).(((.((.((.....)).))..))).))))...............(((((.(((((....))))).))))).,AAAAAAAAAAAGGGGGGGCCCACCCCCAAAAAAAAAAGGGGGGGGCCCGCCAAAAAGCCGACCAAAAAAAAAAGGAACGAGAAAAAGGCAGGCAGCAGCAAAAAGCAGCAAGCCACCCCAAAAAAAAAAAGAAAGGGCGAGGGGCGAAAGCCCCGCGCCCA,-68.5,1.0,1,C
4,166,(((...(((((....)))))...)))...((((((.(((..((((((..((((((((....)))))))).(((((((((.....))))))))).....))))))(((..(((.((((((((((....))))))))))...)))))).....)))))))))......,GGUUUUUUUGGUUUUCUGGGUUUGCCUUUAGUAGCUGGGUUGGGGUCUUGUCCGCACUUUUGUGUGGGCUACCCUCUGGUUUUUCCAGGGGGUUUUUUGACUCCUGGUUAGCUCGGCGGGUCUUUUUGGAUCUGCUGUUUGCUCCAUUUUUUCCGUUACUUUUUUU,-64.1999969482422,1.0,1,B
13,185,..(((((((((((((.(((.............((((.((((((................(((.(((((...(((((((.....((...(((((......)))))..))....)))))))..))))).)))..............)))))).))))...........))))))))))))))))...,GGGCGGGGGGCGCCCGCCGGGGGGGGGGGGGGCGCGGUGCGGGGGGGGGGGGGGGGGGGGGGGCCGCGGGGGCGGCGCGGGGGGCGGGGGCUGGGGGGGCGGCCGGGCGGGGGCGCCGCGGCGCGGGCCCGGGGGGGGGGGGGGUUCGCAGUGCGGGGGGGGGGGGCGGGGGCGCCCCCCGCGGG,-102.099998474,1.0,1,C
4,193,......(((.((((....)))).))).....................((((((........)))))).(((((((...)))))))............................((((((((....((((....)))).))))))))..((((((.((((((...........))))))..)))))).......,AAAAAAGGGACAGGAAAACCUGACCCAAAAAAAAAAAAAAAAAAGAACGCGGCAAAAAAAAGCCGCGAAUGGGCCAAAGGCCCGUAAAAAAAAAAAAAAAAAAAAAAAAAAAAGGUGGCCGAAAAGGCCAAAAGGCCACGGCCACCAACAGGCGAGGACCGAAAAAAAAAAACGGUCCAAUGCCUGAAAAAAA,-76.0999984741,1.0,1,C
24,210,.....((.((..........(((...(((.....)))....)))...................................((((((((......)))))))).......)).))......(((((((....(((.(((((.........((((................))))............))))).))))))))))..........,UUUUUCCUCGUUUGUUUUUUGGCUUUGGCUUUUUGCCUUUUGCCUUUUUUUUUUUUUUUUUUUUUUUUUUUUUUUUUUUGGGCGCUCUUUUUUGAGCGCCCUUUUUUUCGUGGUUUUUUCGGGCGGUUUUCGCUGGCGGUUUUUUUUUGCCCUUUUUUUUUUUUUUUUGGGCUUUUUUUUUUUUCCGCCUGCGCCGCCCGUUUUUUUUUU,-62.5,1.0,1,C
12,215,...........................................................................((((..............((((((((((((............((((..(((((((((......))))).))))..))))............(((((.(((((...))))).))))))))))))))))).......)))).,UUUUUUUUUUUUUUUUUUUUUUUUUUUUUUUUUUUUUUUUUUUUUUUUUUUUUUUUUUUUUUUUUUUUUUUUUUUUCCUUUUUUUUUUUUUUUCGGGAGGGCCGGUUUUUUUUUUUUCGGGUUCCCGUCGCCUUUUUUGGCGAUCGGGUUCCCGUUUUUUUUUUUUGAGGGUGGCGCUUUGCGCCUCCCUCCCGGCCCUCCCGUUUUUUUAGGAU,-74.0999984741,1.0,1,C
14,264,......(((.(((((((..........(((.((((.....)))).))).((((((((.((((((((((((...((((.((......)).))))..))))))))..)))))))))))).....((((...(((((((....((((((((((.(((......)))....))))))))))...........((....)).)))))))..))))...))))))).....((....))..)))..((.(((((........))))).)),AAAAAACGCAGGCGGCCAAAAAAAAAAGGCACGGGAAAAACCCGAGCCACGGCCGGCAGGGUGCGGCCCCAAACCUCACCAAAAAAGGAGAGGAAGGGGCCGCAAACCCGCUGGCCGAAAAAGUGCAAAGGGCGGCAAAACGGGGCCGGGACCCAAAAAAGGGAAAACCCGGUCCCGAAAAAAAAAAACUAAAAAGAGCCGCCCAAGCGCAAAGGCCGCUAAAAAGCAAAAGCAAGCGAAGAACGGGGAAAAAAAACCCCGAUC,-132.0,1.0,1,A
16,289,......(((.....))).((((((..(((.........((.(((((....))))).))(((((((.(((........(((((((..((...(((((((((..(..((.((..((....))..)).))...)..).....(((((((((((....)))))))))))............))))))))..))))))))).((((((.(((..((((((((.......)))))))))))...))))))..))).((((....)))))))).)))...)))....))))))...,AGAAAAGGGGAAGGCCCAGCCGCCAACCCAAAAAAAAACCAGGGCGAAAACGCCCAGGCGGCGGCACGCAAAAAAAACGGGCCCAACGAAACGGCGCCGGGGCAAGCACGAACCAGAAGGAACGAGCGAAGAACAAGAAGGGCCCCCCCCAAGAGGGGGGGGCCCAGAAAAGAAGAACGGCGCCGAGCGGGGCCCGACGGGGCACCGAAGCGGCGGGAAAAAAACCCGCCGCCGGAAAGCCCCGAAGCGAGGGGAAAACCCCGCCGACCGAAAGGGAAAAGGCGGCAAG,-152.399993896,1.0,1,A
20,299,....((.(((..((((...(((......(((((.......((((.(.(((.(((((....((((((((((...((((.((......)).))))..)))))))))).....))))).((((((.(((...((((.(((...((((((((((.(((......)))....))))))))))...))).(((.((....)).))))))).)))))))))...))).....((....))...).))))...((((.........))))...)))))..)))..))))...))).)).........,AAAAGGACCGAACGGGAAAGGCAAAAAAGGGCGAAAAAAACGGCGCAGGGACGGGCAAAACCGGCGCCGGAAAGGGCAGGAAAAAACCAGCCCAACCGGCGCCGGAAAAAGCCCGAGGCGGGAGGGAAAGCCGAGGGGAAGGGCCGCGGGAGCCAAAAAAGGCAAAACCCGCGGCCCAAACCCAGGGACCAAGAGGACCCCGGCACCCCCCGCCAAACCCAAAAACCAAAAGGAAAGAGCCGAAACCCCAAAAAAAAAGGGGAAACGCCCAAGCCAACCCGAAACGGACCAAAAAAAGA,-145.0,1.0,1,A
17,301,((((((((((......)))))))....(((....)))))).....((((((((..(((((.((.((..(((((((((((((((((((..(((......(((((((.((.(((((.((((.((((.((((((.((((((((.((....)).)))))))).)))))).......(((((......(((....(((......)))....)))....))))).)))).))))..)))))))....))))))).)))..))))))))).....)))))))))).)).)).))).))..)))))))),GCGGCGCGGCUUUUUUGCCGCGCUUUUCGGUUUUCCGCGCUUUUUCGGGGGCGUUGCCGGUCCUCGUUGGCCGGCCUGGCCGGCGGCUUUCCUUUUUUCCGCCGGUCGUGCCCCUGCCCUGCCCUGCGGGCUCCGGCCCCUGCUUUUGCUGGGGUCGGUGCCCGCUUUUUUUGGGCCUUUUUUGGGUUUUCGCUUUUUUGCGUUUUCCCUUUUGGCCCUGGGCUGGGCUUGGGGCCGUUUUCUGGCGGUGGAUUGCCGCCGGCUUUUUCGGGCCGGCCUCGUGGUCCGUGCUUCGCCCCCG,-199.199996948,1.0,1,C
6,314,(((((...(((...........)))...(((((((................)))))))((((((....))))))........(((((((.((...((((..(((.....))).......))))...)).................((((((((((...................))))))))))))))))).((((((((.....)))))))).............)))))((((.((......)))))).....(((((.......))))).....(((((.......)))))(((((((....)))))))..,GUCCCAAAGGUAAAAAAAAAAAGCCAAAUAUUGUGAAAAAAAAAAAAAAAACGCAAUAACGAAGAAAACUUUGUAAAAAAAAGGUGACGAGUAAAAGCGAAGGCAAAAAGCUAAAAAAACGCUAAAGCAAAAAAAAAAAAAAAAAGCCGUAUCUGAAAAAAAAAAAAAAAAAAACAGGUGCGGCCGUUGCCAGGUUCUCCAAAAAGGGGGAUCAAAAAUAAAAAAAGGGGCUGCGACUAAAAAAGGCGCAAAAAAGUCCGAAAAAGAUGGGCAAAAAGACGGAAAGAAACCGUCCGGUCUGAAAACAGACCGAU,-81.3000030517578,1.0,1,B
6,337,...(((((((....((.(((........))))).(((((.......)))))..))))))).(((((....))))).(((((.(((.(((.......(((((((..(((.(((.((((.(((.((...((((((....))))))......((.....((((....))))...)).)).)))))))))).))).)))))))((((((.(((..((((((((.......)))))))))))...))))))..))).)))...((......)).))))).(((((.(((.....)))))))).((((....))))....((.((.(((....))).)).)).,UUUCUCGCGGUUUUGGUCCGUUUUUUUUCGGCCUGGGCCUUUUUUUGGCCCUUCCGCGAGUGGGGCUUUUGCCCUUGGGGGUCCGUCGGUUUUUUUGGACCCCUUGGCUGGGUGGUCUCGGUGCUUUCGGCGAUUUUUCGCCGUUUUUUGGUUUUUGCCGUUUUCGGCUUUCCUGCUCCGGGCCCCCUGCCUGGGGUCCCGGCGGUGGCUUCCCGGCCCUUUUUUUGGGCCGGGGCCUUUCCGCCGUUCCGUUGGUUUGGUUUUUUCCUCCCCCUCCCGCUGGCUUUUUGCCGCGGGUGGCCUUUUGGCCUUUUGGUCGUCGGUUUUCCGUCGUCCU,-174.5,1.0,1,A
7,340,(((((((((((((..((((.....((((.........(((((........)))))...........))))...................((((......(((((.....)))))(((((((.....)))))))(((((((.............((((((.((((.(((......))).((((.(((((.((.((((.(((....))).))))))))))).....)))).))))))))))........)))))))))))....................))))(((((((.((((...)))))))))))..................))))))))))))).,GCCGGGGGUGGUGAACGGUAAAAAGGAGAAAAAAAAAGAUGGAAAAAAAACCAUCAAAAAAAAAAACUCCAAAAAAAAAAAAAAAAAAAGCGGAAAAAACUCUAAAAGAUGGGGGUCUAGGAAAAACUUGGACUCCGGCGAAAAAAAAAAAAAGCCUGAACGGCACGGAAAAAACCGACGUUAGAUGGACCACCUUAGGUAAAAGCUAAAGGGGCUGUUAAAAAGGCGAGUUGUCGGGCAAAAAAAACGUCGGACCGCAAUAAAAAAAAAAAAAAAAAGCCGGGCGAGCAGUCGAAACGGCGUUUGCUAAAAAAAAAAAAAAAAAAUAUUACCCCUGGCA,-94.0,1.0,1,B
29,340,.((((((((..((((((((.....(((((((.........((((((......................))))))......))))))).........................((((.....))))...........................((((((......)))))).(((.....(((((.....(((........((((((((...))))))))....)))...))))).)))...................................)))))).((((((.................))))))...................)).)))))).)),ACCGUCGCGAAGGGCGCGGAAAAAGCGACGGAAAAAAAAAGCGGGCAAAAAAAAAAAAAAAAAAAAAAGCCUGCAAAAAACCGUCGCAAAAAAAAAAAAAAAAGAAAAAAAAGUCCAAAAAGGGCAAAAAAAAAAAAAAAAAAAAAAAAAAACCCGCAAAAAAAUGCGGGAUGGAAAAACCCCCAAAAAAACAAAAAAAAGGACCGGGAAACCCGGUCCAAAAGUUAAAGGGGGACCAAAAAAAAAAAAAAAAAAAAAAAAAAAAAAAAAAAACCGCGCAGGGGCCAAAAAAAAAAAAAAAAAGGCUCCAAAAAAAAAAAAAAAAAAACCACGCGACAGG,-92.0,1.0,1,C
27,344,....(((((((((..............)))))))))...(((....................))).......................................(((((.((...((((((...((((((..............................................................................))))))..)).))))((...((((....(.(...........).)....))))...))............)).))))).(((((((((....)))))))))...................(((((....)))))..,UUAUAAGCGGCGUUUUUUUUUUUUUUUACGCCGCUUUUUCGCUUUUUUUUUUUUUUGUUUUUGCGUUUUUUUUUUUUUUUUUUUUAUUUUUUUUUUUUUUUUUUACCCCUGCUUUCCCGCCUUUGGCGCCUUUUUUUUUUUUUUUUUAUUUUUUUUUUUUUUUUUUUUUUUUUUUUUUUUUUUUUUUUUUUUUUUUUUUUUUUUUUUUGGCGCCUUGGUCGGGGUUUUGGGGUUUUGUCUUUUUUUUUUUGUCUUUUCCCCUUUACGUUUUUUUUUUUGCUGGGGUUCUGCGGCGGUUUUCCGCCGCAGUUUUUUUUUUUUUUUUUUUCCCCCUUUUGGGGGUU,-82.4700012207,1.0,1,C
27,344,....(((((((((..............)))))))))...(((....................))).......................................(((((.((...((((((...((((((..............................................................................))))))..)).))))((...((((....(.(...........).)....))))...))............)).))))).(((((((((....)))))))))...................(((((....)))))..,UUUUGGGUGCACGUUUUUUUUUUUUUUCGUGCACCCUUUGCGUUUUUUUUUUUUUUUUUUUUCGCUUUUUUUUUUUUUUUUUUUUUUUUUUUUUUUUUUUUUUUCUCGGUCUUUUGGCCCGUUUGUCCGGUUUUUUUUUUUUUUUUUUUUUUUUUUUUUUUUUUUUUUUUUUUUUUUUUUUUGUUUUUUUUUUUUUUUUUUUUUUUUUCCGGACUUCGUGGCCCCUUUGGGGUUUUGUCUUUUUUUUUUUGUCUUUUCCCCUUUGGUUUUUUUUUUUUGGUCCGGGUGGGGCCGGGUUUUCCCGGCCCCUUUUUUUUUUUUUUUUUUUGGGGCUUUUGCCCCUU,-83.7699966431,1.0,1,C
9,348,(((((((..........(((((.........((((((......).))))).........)))))........(((((.....((((......(((((.....)))))((((((.......))))))(((((((.............(((..........................................................................................)))........)))))))))))........................(((((((..................))))))).......)))))........)))....)))),GAGCACCUUUUUUUUUUCCUCCUUUUUUUUUGCGCUCUUUUUUGUAGCGCUUUUUUUUUGGGGGUUUUUUUUGGGCCUUUUUGGGCUUUUUUGGGAGUUUUUCUCCCGUGGGCUUUUUUUGCCCACGACGGGGUUUUUUUUUUUUUUCCUUUUUUUUUUUUUUUUUUUUUUUUUUUUUUUUUUUUUUUUUUUUUUUUUUUUUUUUUUUUUUUUUUUUUUUUUUUUUUUUUUUUUUUUUUGGAUUUUUUUUCCCCGUCGCCCUUUUUUUUUUUUUUUUUUUUUUUUCCCUAGGUUUUUUUUUUUUUUUUUUCCUGGGGUUAUUUUGGCCCUUUUUUUUGGUUUUUGCUC,-77.7200012207,1.0,1,C
5,350,.((((((...(((..(((((....(((((....)))))))))).....(((((......((((((.....((((.(((...((((....))))..)))....))))...))))))....((((..((((.....))))..)))).)))))..(((((..((((.(....).)))).)))))..))).)))))).((((....(((((..((....))..)))))...((((..((..(((((..(((((....((((((.((((..((....)).)))))))).))..)))))..)))))..))..))))....))))......((((((((((....))))))))))..,UGCGUCGUUUGCGUUGCCCCUUUUCGCGCUUUUGCGCGGGGGCUUUUUCCCGCUUUUUUCCGCCCUUUUUCCGCUCCGUUUGCCGUUUUCGGCUUCGGUUUUGCGGUUUGGGCGGUUUUCCGGUUCCGCUUUUUGCGGUUCCGGUGCGGGUUGCGCCUUCCGGUCUUUUGUCCGGUGGCGCUUCGCUCGGCGCUGGCGUUUUCGCGCUUGGUUUUCCUUGCGCGUUUGGGGUUGGUUGGGCGUUCCGCGUUUUCGGCCGUGGGGUUGGUUUUCCUCCCCCGGCUCGUUCGCGGUUCGCCCUUCCUUCCCCUGUUCGCCUUUUUUGGGCGGGGGGUUUUCCCCCCGCCUUU,-197.199996948,1.0,1,A
18,360,....................(((.......)))...............(((((.....)))))...........(((((.....))))).........(((((.....))))).........((((.....)))).......(((((..........))))).(((.......))).........................................((.....))..............................................((......))................(((((......)))))..........((((((((((......))))))))))..........,UUUUUUUUUUUUUUUUUUUUGGGUUUUUUUCCCUUUUUUUUUUUUUUUGGCAUUUUUUAUGCCUUUUUUUUUUUGUGCCUUUUUGGCGCUUUUUUUUUGGCAGUUUUUCUGCCUUUUUUUUUGGCGUUUUUCGUCUUUUUUUGGGCUUUUUUUUUUUGGCCCUUCCUUUUUUUGGAUUUUUUUUUUUUUUUUUUUUUUUUUUUUUUUUUUUUUUUUUCCUUUUUGGUUUUUUUUUUUUUUUUUUUUUUUUUUUUUUUUUUUUUUUUUUUUUUGCUUUUCUGCUUUUUUUUUUUUUUUUCCGGCUUUUUUGCCGGUUUUUUUUUUCCCGCCCGGCUUUUUUGUCGGGCGGGUUUUUUUUUU,-73.5,1.0,1,C
8,372,........................................................(((((((.((.....)).)))))))...((.(((.(((.....)))..))).))..........(((.((.((((((......(((((.(((((.....)))))...)))))(((.....))).))))))...)))))..........(((((......)))))........(((((....((((((......)))))).)))))....(((((((((((.((((...........))))))))....(((.((((.((((......)))).)))).))).))))))).(((((((((((....))))))))))).,UUUUUUUUUUUUUUUUUUUUUUUUUUUUUUUUUUUUUUUUUUUUUUUUUUUUUUUUGCCCCCGUGAUUUUUUCUCGGGGGCUUUCGUAUGUCUGUUUUUCAGUUCGUUUGUUUUUUUUUUCGGUCCUAGCGAGUUUUUUCCGGCUCGCCUUUUUUGGGCGUUUGUCGGGGCUUUUUGCCUCUCGUUUUUGGUCGUUUUUUUUUUAUAUCUUUUUUGAUGUUUUUUUUUUCCGGUUUUGUGGUCUUUUUUGACCAUUCUGGGUUUUAGGGCGCCUGCUGGCUUUUUUUUUUUUGGUCGCAGUUUUGCGUCGUGUCGUCUUUUUUGGUGUCGCGUUGUUGCGUUCUUAGGUAUGUGUUUUUUGAUAUAUGCCUU,-95.0,1.0,1,B
8,376,.....(((((.(((.......(((((((..((...(((((((((((......((((((....))))))......))).....(((....)))............))))))))..)).)))))))((((((.(((..((((((((.......)))))))))))...))))))..))).))))).((((....((((((......)).))))...((((((((..((((....))))......((((((....))))))....(((....)))...(((((....((.(....).).)....)))))))))))))...)))).(((((((((...................)))))))))..(((....)))......,AAAGAGCCGGACGGAAGAAAACGGCCGGGAGGAGACGGCGCCCGGCAGAAAAGCCGGCAAAAGCCGGCGAAAAGGCCGAAAAGGGGAGACCCAAAAAGAAAAAAGGGCGCCGAACCACCGGCCGGGGGGGGGGGAACCGCGCCGAGAAGAACGGCGCGGCCCAGACCCCCCAACCGACCGGCGGCCCGGAACCGCCCAAGGAGGGAGCGGAAAGCGCGGCCAACCGCAAAAGCGGGAAGGAGGCCGCAAAAGCGGCCAAAACCCAGAAGGGAAACGCCGAAAGGCAGGAAACGGACAAAGCGGCGGGCCGCGCAAAGGGCAGGGGGGGGGGAAAAGAAAAAAAAGGAAGCCCCCCCCCAACCGAGAACGGAAAAAG,-200.10000610400002,1.0,1,A
17,389,..((((..(((((((...(((...(((((((((.....))))))))).((((((((..((.(.(((((..(((((.((((..(((((((..(....((((((.....))))))..)..)))))))...)))).))).))..)))))....(((((.((((.((((((((((((((......))))...))))))))))....)))).)))))..(((.((((....))))))).....).)).))))))))......(((((((...........)))))))..)))..))))..))).......((((((..((((..(((((....)))))..))))...((....)).....))))))...))))......(((((....))))).,UUGCCCUUCCGUGGCUUUCGGUUUGCGCGGCGGUUUUUCCGCCGCGCUGGGCCCCCUUCGUCUGCGGCUUGCGGGUCCCUUUCGCCGGCUUCUUUUUCUGCCUUUUUGGCGGGUUGUUGCCGGCGUUUGGGGUCCCUGCUUGCCGCUUUUGGGCCUCGCCUGCCCGCGGGGGAGCUUUUUUGCUCUUUCCCCGCGGGCUUUUGGCGUGGCCCUUCGCUGGGGUUUUCCCCGCGUUUUUGUCGUGGGGGUCCUUUUUUGGCCGCGUUUUUUUUUUUCGCGGCCUUCCGUUGCCGUUCGGUUUUGUUGCCCCGUUGGGGUUCCGGGUUUUCCCGGUUCCCCUUUGGUUUUCCUUUUUCGGGGCUUUGGGCUUUUUUCGGGCUUUUGCCCGU,-224.800003052,1.0,1,A
18,418,.((((((.(((((.((.((((..(((((........)))))..((.(((..((((.((((...(((.(((..((((((..((...(((((((...((((.(((((((.(((((((..((((((....))))))...)))))))...(((((((((.((......))))))))))).....(((((((((........))))))))).))))))).)))))))))))...))..))))))(((((((.......))))))).)))))).)))).....))))..))).))....)))).))..(((((.((......)).))))).((((....))))..)))))..(((.......)))..(((((....)))))..)))))).....(((.(((((((.....)))))))..)))..,UGGCCCCUGGCCGUCCUCGGUUUGCGCCUUUUUUUUGGCGCUUGCUGCCUUGGGGUCCGGUUUCGCUCGGUUGGCGGCUUCCUUUCCCGCGCUUUCGGGUCGCGGCGUGCCCGGGUUGCUCCGUUUUCGGAGCUUUCCCGGGCUUUCCGCCGGCCUCGUUUUUUCGGGCCGGCGGUUUUUCUCGCCGCGUUUUUUUUCGCGGCGAGUCGCCGCGUCCCGGCGCGGGUUUGGUUGCCGCCCGUCCCCUUUUUUUGGGGGCGUCCGGCGUCCGGUUUUUCCCCUUGGCUGCUUUUACCGUGGUUCCCGGUCUUUUUUUAGUCCGGGUGGCGUUUUCGCCUUCGGCCUUGACUUUUUUUGUCUUCCGGGUUUUCCCGGUUGGGGCCUUUUUCGCUCCGGGGCUUUUUGCCCCGGUUGCGUU,-255.10000610400002,1.0,1,A
7,473,(((((...((((..((..(((((..(((.(((.((((.(((...)))(((((((((....)))))))))..))))..))))))...)))))......((((((((..((...(((((((.((((..((..(((((....)))))..))...))))...((((((...((((....))))...))))))..((....)).)))))))..)))))))))).))..)))).(((((((.((((...(((((....)))))(((.(((...((((((((....))))...(((((...(((((.(((.....))))))))..(((....))))))))))))........(((((...(((((....))))).))))).....))))))((((....((((((....))))))...)))).....(((((................)))))........)))).))))))).))).)),CCGGGAAAGCGGAAGGAAGGCGCAAGGGAGGCAGGCCACCCAAAGGGGGCGCCGGCAAAAGCCGGCGCCAAGGCCAAGCCCCCAAAGCGUCAAAAAAGGCGAGGGAAGGAAACCUCCGCAGGCCAAGCAACGGCGAAAACGCCGAAGCAAAGGCCAAACGCGGCAAAGCCGAAAACGGCAAAGCCGCGAACCAAAAGGAGCGGGGGAACCCUCUCGCUACCAACCGCACGCCCGGACCGGAAACCCCCAAAAGGGGGGCCAGCCAAACCGGCGGCAAAAGCCGAAACCCCGAAACGCCCAGCCAAAAAGGCGGGCGAACGGAAAACCGCGGGGCCGGAAAAAAAACGCCCAAACCCGGAAAACCGGGAGGGCGAAAAAGGCGGCGGCGAAAACGGAGCAAAAGCUCCGAAACGCCAAAAAGGCCGAAAAAAAAAAAAAAAACGGCCAAAAAAGACCGGACCGGGCGACCCAGG,-245.5,1.0,1,A
9,506,...(((((((.(((((((((...(((.(((..((((((..(((..(((......((((..((.((.(...(((((((....))))))).).)).))..))))......))).......((.(((((.......))))))).)))....((((((....))))))....)))))).....(((....)))....((((((..((....))))))))))).)))..)))))).))))))))))...(((((((..(((((..(((((.....(((.((((((((..(((.((((....))))..(((.((((.(((((.(((.....)))))))).((((....))))......((((......(((((...(((((....))))).))))).....)))))))).)))....)))...))))))))...)))(((((.((....)).)))))....)))))..))))).((((((((...((...))..))))).))).))))))).,AAAGCGGGGGAGCGCGGGCCAAACGCACGGAAGCCCCCAAGCCAACGGAAAAAAGGGGAACCAGCACAAAGGCGGGGAAAACCCCGCCAGAGCAGGAACCCUAAAAAACCGAAAAAAAGGACGGCGAAAAAAACGCCGCCAGGCAAAACGCGCCAAAAGGUGCGAAAAGGGGGCAAAAAGGGAAAACCCAAAACCGGGGAAGCAAAAGCCCCCGGCCGAGCGAGGGCCCGACGCCCCCCGCAAAGGCGCGCAACCCGCAACGGGCAAAAACGCACGGGCGACAACGCAUCGCAAAAGCGAAAGGGAGUGCAGGCCGACCGAAAAACGGCGGCCACGGGAAAACCCGAAAAAAGCAGAAAAAACGGGGAAAGCCCGAAAACGGGCGCCCCGAAAAACUGCGCACACCCAAAAGCGAAAGUCGCCUGAAAGCGGGCCCAGCAAAAGCAGGGCCAAAAGCCCGGAGCGGGACCGGGGCCAAAGCAAAGCAAGGCCCACGGAGCGCGCCA,-270.100006104,1.0,1,A
4,646,....((((((((((((((((((.....((((((....))))))......)))))).(((((...(((((...........((((....(((..(((((..((((((.(((..((((((((.......)))))))))))...))))))..(((((((.........))))))).(((..((..((.....(((((((...((((....)))).......(((((....(((((...(((((....))))).)))))......(((....))).......))))))))))))..))..))..))))))))..))).....))))..(....)......))))).....(((((((((.((....)))))...)))))).)))))......((((((.....)))))).))))))))))))....(((((((....((((((....(((((((..((((....((((..(((((((((.(((((..(.(((((..(((....)))..(((((...((((((((...........)))))))).))))).))))).)..))))).)))))))))....)))).......((.(((((..........))))).))))))...))))))).....))))))..))).)))),AAAAGCCCGGCGCCCCGGGGGCAAGAACGGGCGAAAACGCCCGAAAAAAGCCCCCAGCCGCAAACCGCCAAAAAAAAAAAGAGGAAAAGCCAACCGGGAAGGCCCGAGCCAAGCCCCCGCAAAAAAAGCGGGGGCGGCAAACGGGCCAACGGGCGCAAAAAAAAAGCGCCCGACCCAACCAAGCAAAAAGCGGGCCAAAGCCCAAAAGGGCAAAAAAAGCGCGAAAAGGCGGAAACGGGCAAAAGCCCGACCGCCAAAAAAGCGAAAACGCAAAAAAACGCGCGGCCCGCAAGCAAGGAAGGGCCCGGAAGGCAAAAACCUCAAGGAAACAAAAAAGGCGGAAAAACGGCGCGCCAGGAAAACCGGCAAAGCGCCGAGCGGCAAAAAACCGGCGAAAAACGCCGGAGGGGCGCCGGGCAAAAGCCGGGCAAAAGGCGGGAAAAGGCGCGCAAGGCCAAAACCCGAACCCGGGCGGACCCCCAACAGGGGGAAGGGAAAACCCAACGCGGAAAGGCGGCCGAAAAAAAAAAACGGCCGCCACCGCGACCCCCAGAAGGGGGACCGCCCGGGAAAACGGGAAAAAAAGCACGGGGAAAAAAAAAACCCCGAGCGGCCAAAGCGCGCCAAAAACCCGCCAAGCCACGGC,-367.200012207,1.0,1,A
21,659,.......(((((((((..(((....)))..))))))))).((((((..(.((((......(((((((.(((((..(((((((((((..((.((((((....)))))).))...))))))...(((....)))...........))))).)))))...)))))))((((((((((..(((((((.((....))))))))))))..)))))))..(((((((.........)))))))..)))).)..(((.(((...((((((..((((((...........))))))....))))))...((((....)))).))))))...))))))...((((......((((.((.(((.(...((((.....(((((................)))))....(((..(((((((..(((((((((.((....)))))...))))))..)))))).)...))).........))))....).))).)).)))).((((((((..(((((((..(....((((((.....))))))..)..)))))))...))))))))...((((((((...(((((((((..((((((((((.(((......)))....)))))))))).....))....((....)).)))))))..))).)))))..))))..,UUUUUUUGCGCGCCGCUUCCCUUUUGGGUUGCGGCGCGCUGCCCCGUUGUCGGCUUUUUUCCCCGGGUGCGCCUUGCCCGGGGGGGUUGCUCCCCGCUUUUGCGGGGUGCUUUCCCCCCUUUGCCUUGUGGCUUUUUUGUUUUCGGGCUGGCGCUUUCCCGGGGGGGCGCCCGGUUCCCCGCGUCCUUUUGGCGCGGGGCCGUUGGCGCCCUUCCCCGGCUUUUUUUUUGCCGGGGUUGCCGUCUUGCCUGCCUUUGCGGCCUUGCCGGCUUUUUUUUUUUGCCGGCUUUUGGCCGCUGUGCCGUUUUCGGCUGGCGGCUUUCGGGGCUUUCGGGUUUUUUGCGCUGGUCCGUCUUUCCGGUUUUUGCGGGUUUUUUUUUUUUUUUUCCCGCUUUUGGCUUCCGCCGGUUGCGCCGCCGUCGUUUUCGCGGUUUCGGCGCUUCCGGCGUGUUUGCCUUUUUUUUUCCGGUUUUGUCGGUCCUGCGCUGCCCGGGGUUCCGCCGGUUGUUUUCGCGGGUUUUUCCCGCGUUCUUCCGGCGGUUUCCCCGGGCUUUGGCGGGGCUUUGGGGCGCCCUUGGGGCGCCCGUGCGUUUUUUCGCUUUUCGGGCGCCCCUUUUUGGUUUUGCUUUUGCUGCGCCCCUUGCCUCCGCCUUCCCGUU,-391.799987793,1.0,1,A
10,780,.(((((((((....(((.(((..(((..((.((((((....)))))).))..(((((.(((.......(((((((..((...((((((((((((.....((((((....))))))......)))).....(((.....)))...........))))))))..)).)))))))((((((.(((..((((((((.......)))))))))))...))))))..))).)))))....))).....(((...(((((.(((.....))))))))..(((....)))))).))))))........((((...(((((....))))).))))))).))))))..(((..(((..((((((..((((((...(((..(((.(((((................))))).)))..)))...(((.........))).)))))).((......))...))))))..)))..)))..........(((((.....((((.(.((((((((((((.(((((((((......((((((.....))))))....)))))))))..))))))))...((((((((...(((((((.(..((((((((...........))))))))...(((((....((....)).)))))..).)))))))..))))).)))..)))).).))))....(((((((..((...((((.........))))))..)))))))............))))).((((((((((((....))))))))))))..(((....)))....,ACGGCGGCGGAAAAGCGAGCGAAGGGAAGCAGCGCUCAAAAGGGCGCAGCAACGCGCAGGGAAAAAAAGGCGCGGAAGGAAACGGGGGCCGCGGAAAAAGCGCGCAAAAGCGCGCAAAAAACCGCAAAAACCCAAAAAGGGAAAAAAAAAAAGGCCCCCGAACCACCGCGCCCGGCGCGGGGAAGCCCGGCCAAAAAAAGGCCGGGCCCCAAAGCGCCGAACCCAGCGCGAAAACCCAAAAAGGCAAAGGCGGACGGAAAAACCGCCGCCAACGGAAAACCGGCCACGCCGCAAAAAAAAGGCGAAACCCCCAAAAGGGGGACGCCCCGACCGCCGAACGCAACCCAAGCCGCGAACCGGCCAAAGGCAAGCCAGCCUGAAAAAAAAAAAAGAAACAGGCAGGCAAGCCAAGCGGAAAAAAAAACCGAGGCCGGAGCAAAAAAGCAAACGCGGCAAGGGAAGCGAAAAAAAAAAGGCGGAAAAAGCCGACACGGGGGGGGGGCACGGGCGCCCAAAAAACGGGGGAAAAACCCCCGAAAAGGGCGCCCGAAGCCCCCCCAAAGGCGGCGGAAACCCGCCCGCAAGGCCGGCCAAAAAAAAAAAGGCCGGCCAAAGCGGGAAAAGGAAAACCACCCGCAAGAGGGCGGGAACCGCCAGCCAACCCGAGACGGCAAAACGUGCGGAAGGAAACGCGAAAAAAAAACGCGCCAACCGCACGAAAAAAAAAAAACCGCCAGGGCGCGCCGGCAAAAGCCGGCGCGCCCAACGGAAAACCGAAAA,-419.5,1.0,1,A
1,856,......((((.(((((...))))).))))..(((((((((.((((.....((((((((((((.(((((.((((((...((((((.....))))))..((((((((....(((((((.....(((((((((..(((((((....((((((((((.(((......)))....))))))))))...........((....)).))))))).)))).)))))...(((.(((((.....(((((((..((....(((........)))..))..)))))))......(((((((((((.((..((..((.....))..))..))...((....))....)))))))..(((...((((..((((....))))...))))..))).))))..(((..(((((....((.((((((............)))))).))..))).))..)))))))).)))....))))))).((..(((((((....)))))))..))..)))))))).)))))))))))..))))))))))))....(((((((((....)))...(((......)))...))))))....(((((.(((((((...((..(((......)))))....)))))))..((.(((((.....)))))))..))).)).((((((.....))))))...))))))))))))).(((..(((.((((((...((((((((......(((...((..(((....)))....))...)))......)))))))).((((.((((((((((........)))))))....))).)))).((.(....).)).....)))))))))(((.(((....)))))).)))..,UUUUUUCGCCUGGCCGUUUCGGCCUGGCGUUGGGGCGCCCUGGGCUUUUUGCGCGGCGGCGGUGGCGGUCGGCCUUUUCGGGGGUUUUUCCCCCGUUCGCGCCGGUUUUCGGGGGCUUUUUCCCGCCCCCUUGCCGCGCUUUUGCCCGCCCGCUGCCUUUUUUGGCUUUUGCGGGCGGGCUUUUUUUUUUUGCUUUUGCUGCGCGGCUGGGGUGCGGGUUUGCCUCCGGCUUUUUCGGGGCCUUCCUUUUCGGUUUUUUUUCCGUUGGUUGGCCCCGUUGUUUGCCGGGCGCCGUGGUUCCUUGGUUUUUCUUUGGUUCCUUUGCUUUUGCUUUUCGGCGCCUUCCGUUUCCGCUUGCGGUUUUCCGCUUUGCGGUUCGGUCGGCUUCCCUUGGCCGUUUUGGUGCCGCCUUUUUUUUUUUUGGCGGCUCCUUCGGUCCUUGGGGCCGGUGGCUUUUGCCCCCGUGCUUCCGGCCGUUUUCGGCCGGUUGCUUCCGGCGCGUAGGCCGCCGCCUUCCGCCGCCGCGCUUUUGCGCCCCCCUUUUGGGUUUGGCUUUUUUGCCUUUGGGCGCUUUUCCGCGUGCGCCGGUUUGGUUGGGUUUUUUCCCCCUUUUCCGGCGCUUCGUCCGCGUUUUUCGCGGCGUUCGCUGGUGGCCCGUUUUUCGGGCCUUUGCCCGGGCGCCCCUGCCUUGGCUGCGCCCUUUCGGCCGCGUUUUUUGGGUUUGCUUGCGUUUUCGCUUUUGCUUUCCCUUUUUUCGCGGCCGUGCCGUCCCGCGGCGCUUUUUUUUGCGCCGCUUUUGGGUCGGCUGGUCUUUUGUCCUUUUUGGGCGCGCCGCGUGGGUUUUCCCCGCUGGCUU,-491.899993896,1.0,1,A
13,858,.(((.(((((.((((((.(((.(.......(((......(((((.(.((((((((((((.(((((((((.....(((((((.....)))))))...)))))))))..))))))))..(((.(((.....((((((((((.((((((((.((((((.....))))))..).))))))).))).......((....)).)))))))....))).)))..)))).).)))))...)))((((((((...((((.((...(((((((((..((((.(((.........(((((((.((..((((((((((.....))))))))))..))...((....))....)))))))..(((...((((.(((((....)))))..))))..)))....))).))))...)))....)))))).)))))).(((((.....)))))...((((((..((.(((.(.((....)).).))).))...))))))....((((.(((((..(((.....)))..)).)))..(((((.(((.((((((.........((.((((......))))))))))))....(((((.((((((((((((..(((((((....))))))))))).))))))))..((.(((((....))))).))..)).)))))).))))).)))).)).))))))....).))).)))))).)))))))).....(((((((((...((((.(((.((((....)))).)))...(((((...(((.((....)).)))..(((((((........))))))).....))))).)))).....(((((((((.....)))))))))......)))))))))....,UGCCUGGGGGUGCGCCGUGCGUGUUUUUUUCGGUUUUUUCCCGCUCUGGGCCCCGCCCCUGGCGGCCCCUUUUUGCGCCGGUUUUUCCGGCGCUUUGGGGCCGCCUUGGGGCGGGUUCGCUGGGUUUUUGCGGCGCGCGUCGCGCCGCUCCGGCCUUUUUGGCCGGUUGUCGGCGCGUCGCUUUUUUUGCUUUUGCUGCGCCGCUUUUCCCUGCGUUGCCCUGUGCGGGUUUCCGGGGGCCCCUUUCGGCUCGUUUGGCCGGGGCUUGCCGUGGCUUUUUUUUUCGCCCCCUCGUUCCGGCGCGGCUUUUUGCCGCGCCGGUUCGUUUCCUUUUGGUUUUGGGGGCGUUGCCUUUCGCCUCGGGGUUUUCCCCGUUGGCGUUGGCUUUUGCCUCGGCUUUGCCUUUUCCGGCCUCGGCCGUGGGCCUUUUUGGCCCUUUGCGCGGUUCGUGGGUGUCGUUUUCGUCUCCCUCGUUUCCGCGCUUUUGCCCUCGGGCUUGGGUUUUUCCCUUGCUCCGUUCGGCCUCCCUGCGCGCUUUUUUUUUCGUCCGGUUUUUUCCGGCGGCGCGCUUUUCCGCCUGCGCCCGGCGGCUUGGGGGGGUUUUCCCCCCCGUCGUCCGGGCGCUUGCUGCCGCUUUUGCGGCUGCUUGGUCGGGGGUGGCUGUGGGCUGGUGGCCCCUUUUCUCGCUCGGCGCUCCCCCGGCUUUUUGCGCCCCGCUUUGGCCUCGCUCGCGUUUUCGCGUGCGUUUGCCCGUUUACGUGGUUUUCCUCGUUUCGCGGGGUUUUUUUUCCCCGCGUUUUUCGGGCUGGCCUUUUUCGCCCGCGCUUUUUGCGCGGGCGUUUUUUGCGGGGCGCUUUU,-519.099975586,1.0,1,A
2,1053,.((((((.((((((..((((...(((......(((((((((((((((.((((...(((((........)))))...)))).(((((.....((((((.........(((((.(((((((((((((((.((((..(((((..((((.((((......((((((.(((.((..((((((((..(((((.(((((((((.......(((((((((..((((.(((((((((((..((((((((.......))))))))))))..))))))).((((((((....)))...)))))....((((((((......)))))))).((((....))))...))))..(.((..((((((...(((((....))))).))))))..)).).....))))))))))))))).))).)))))...........((((((((...)))))))).)))))..((((((...((((...))))..)))))).))))).))).)))))).......(((.((((...((.(((((.((.(((((((((.(((((..(..(...(((((((.....)))))))..)..)..)))))..)))))))))....(((((((..((((((((((.((.(((((((..(((......)))...))))))).)).))).......((....)).))))))).......))))))).....)).))))).))...)))).))).))))))))....)))))....)))).(((((...(((..(.......)..)))..)))))...))))))))))))).)).)))))..(((.((..(.(((...(((...((((.(((((....)))))..))))..)))...))))..)).))).......)))))))))))...))))))))))))))).....)))...)))).))))))......(((...((((...((((...(((.((((((...((.((((((..((.(((.....))).)).)))))).))...)))))))))))))....)))))))..)))))).......,UGCCCCGUCGCCUCUUGGGGUUUGGGUUUUUUCCGGCCCGGGGGCGCUCCGGUUUGGGGUUUUUUUUUACCCCUUUCCGGUCGCCGUUUUUGGGGGGUUUUUUUUUGGCCCUCGGCGCGCGGCCGCGUGCGGUUCCCCCUUCCCGUCCCGUUUUUUCGCCCGUGGCUCCUUCCUGCGGGUUGGGGCUGGGGCGGCGUUUUUUUCCCGGCGGGUUCCGGUGGGCGCCGCCGUUGGGCCCGGUUUUUUUCCGGGCCCCGGCUUGGCGCCCUGGGGCCCCUUUUGGGUUUGCCCCUUUUGGGGCCCGUUUUUUCGGGCCCCUCGGCUUUUGCCGUUUCCGGUUGUGCUUGGCCGCUUUCCCCCUUUUGGGGGUGCGGCCUUGCUCUUUUUCCCGCCGGGCGCCGCUCCCUGCCCCUUGUUUUUUUUGGGGCGGCUUUGCCGCCCCUCCCGCUUCCCCCGUUUGCGGUUUCCGCUUCGGGGGUAGGGGUGCCUCGGGCGUUUUUUUCCGUCGCGUUUGGUCGCCGUCCUCGGCGGGGCUCCGCGUUGUUCUUUGGCGGCGUUUUUCGCCGUCUUGUUCUUCGCGGUUGCCCCGCCGUUUUGGCGGCCUUCCCCGGGCGCUCCUCGCCCGGUUAACUUUUUUGUUUUUCCGGGCGUGGUGCGUUUUUUUGGUUUUCCUCCCGGGGUUUUUUUGGCCGCCUUUUUGGUCGGCGUCCUUUCGCGUCGGUCGGGCGGGUUUUGGGGGUUUUCCGCUGGCGCUUUGGCUUCUUUUUUUGUUGCCUUGCGCCUUUCGCGGCCGCGCGCUCGUGGGCCUUCGGUCCUUCUGUGUUUCGCUUUCGGGUGGCCGUUUUCGGCCUUCCCGUUGCGUUUCGCGUUGGUCCGUUUUUUUCCCCCCCGGCGUUUGCGCCCCCGGGCCGGUUUUUCCCUUUCCCCUGAGGCGUUUUUUGGGUUUCGCGUUUCCGGUUUCGGUGGCCCCUUUGGUCGGGCGUUGGUGCCUUUUUGGCUCCUUGCCCGUCCUUUGGGGCCCCGCCGGUUUUCGCGCCCUUCGGGGCUUUUUUU,-656.599975586,1.0,1,A
22,1200,....((((....))))(((...(((....)))..((((......((((....)))).....)))).))).((((((.(((..(((..(.(((((.(((((((.......((((......((((((((((.((....))))...))))))))))))...((((((((.......(..(((.......((((.(.((((((((((....((((((((......((((((.....))))))....)))))))).....))))))...((((((((...((((.(((...(((((((((.((((........))))..)))))))))...)))..((.((....)).)).))))..))))).)))..)))).).))))...(((((((...((...((((.........))))...))))))))).........(((((((.(((.((((((((....)))))))).))).(((((....)))))))))))).)))..).((((..((((....))))...))))....))).))))))))))))......((((((.((((((((((....((((.(....).))))........((((((((......((((((.....(((((((....)))))))..((((....))))...)))))).((((..((.(((((((.((((.(((((((((....)))...(((......)))...))))))....((((..(((((((((.((((((.....)))))).)))..))))))..((.(((((.....))))).)).....))))..)))).).))))))))..))))....))))))))..)).))))))))((((.(((((((.....((((.(((.(((....))).).))...)))).....)))))))...((((....(((((((........))))))).......((((.(((.....(((((((..........)))))))....))))))).)))).))))...))))))..))))).).((((..(((((((..((((..((.((((..(((.....))).)))).))..(((....((((.....))))....)))..........(((((((((....)))))))))))))..)))))))...))))...))).((((((((((....))))))))))..))))))))).,UUUUCCCCUUUUGGGGCGCUUUCGGUUUUCCGUUGGGCUUUUUUCCGCUUUUGCGGUUUUUGCCCUGCGUCGCGCCUGGGUUGCGUUGUGCGGGUGGGCCGGUUUUUUUGGGCUUUUUUGGGGGCGCGGUCCUUUUGGCCUUUGCGCCCCCGCCCUUUGGGCCGCCUUUUUUUCUUCGGUUUUUUUGCGGUGUCGGGGGGCGCUUUUCCGCCGCGUUUUUUCGGCCCUUUUUGGGCCGUUUUCGCGGCGGUUUUUGCGCCCUUUCGCGGCGCUUUGGCGUCGCUUUCGCCGCCCGUGCGCUUUUUUUUGCGCUUCGGGUGGCGUUUGCGUUCCUGCUUUUGCUGGUCGCCUUGCGCCUGCGUUCCCGUCUCCGCUUUGGCCCGCUUUGGUUUGCCGUUUGUUUUUCGGCUUUCCGCGGGCCUUUUUUUUUCCCGGCCUGGGUGUGGGCGGUUUUCCGCCCACUCCCUGACCCUUUUGGGUCGGCCGGGUCCGUUGUCCGGUUGGGGUUUUCCCCUUUCCGGUUUUGGCUGGCCCCCGGCCCUUUUUUCCCCGCUGGCCGGGGCGUUUUCCGGUCUUUUGUCCGGUUUUUUUUGGCCCCCGUUUUUUGGGCCGUUUUUGCGCGGGUUUUCCCGCGCUUCCCCUUUUGGGGUUUCGGCCCUGGCCUUGGUCGCGGGCUCGCGUCCGCGGCGCUUUUGCGUUUCCCUUUUUUGGGUUUCCGCGGUUUUGGGUUUGGGCCUGCCUGGCGGGUUUUUCCCGCCUGGCUUGGGCCCUUCGUCGCGCUUUUUGCGCGUCGUUUUUGCCCUUCGCGUGUCCCGCGCCUUGGCCUUUUCGGGGGCCUUCGUCCCCGGCCGCGCUGCCGCCGUUUUUCGGCUGCCUGCCUUUUGGCUGUGCUUUGUCGUUUUUCGGCGGCUUUCGGCUUUUCCGGGCGUUUUUUUUCGCCCGGUUUUUUUGCGCUCCCUUUUUGGCGGGGUUUUUUUUUUCCCCGCCUUUUGGGGCGCUGCCGUGCGCUUUGCGGGGUUCCCGCUCUGGCGUUGGGCGCCUUCCGGUUGGUGCCGUUCCGUUUUUCGGUCGGCUCCUUGGCUUUUGGCCUUUUUGGCCUUUUGCCUUUUUUUUUUGCGCCCGCGUUUUCGCGGGCGCCCGGUUGGCGCCCUUUCGCCUUUCGCUGCCGGCCGCGUUUUCGCGGCCGGCUUCCCGGCGCGU,-677.5,1.0,1,A
11,1296,...(((..((((.(((((((....((((.(((.((((....(((((.(((((((((((((((..........((((....(((((((....((((((..((.((((((....)))))).))...)))))).((((((((..((......)).))))))))....(((((..((((......((.((((((........((((..(((((((((.....)))))))))))))..........((((((((.......))))))))....(((((((........))))))).((((....))))...)))))).))...((((((...(((((....))))).))))))..((((((((((((((((.....))))))))..((((((((........(((...((((((..(((((.(((((..(((..((((..(((.((((......)))).))..)..))))..)))...))))).)))))....(((((.(.((((((((((((..((((((((....((((((((.....))))))))..))))))))...))))))))...(((((.(..(.((((((((((.((((..(((((.(((......))).).))))..)))).))).......((....)).))))))).)..).)))))..)))).).)))))..((((((((..((...((((.........))))))..))))))))......)))))))))...(..((((((((((.....))))))))))..))))))))).(((....))).....))))))))....(((((....)))))...............))))..)))))........)))))))(((((..((((....((((((...((((.....(((....)))....)))).......((((...((((((.(((((((((.(((((((..((..((((((.((((....(((.((((((.((....))...((((......))))..))))))..))).....(((((((((((...(((((((....))))))).))).))))))))....))))))))))..))...)))))))..)))))).)))..))))))..)))).))))))...))))..)))))...))))...(((((((.....((...((..((((....))))..))...))......))))))))))).)))).)))))))))))).))))))).)))).))))))).)))).))).(((((((((.....))))))))).......,UUUGCUUUGCGGUGGCGGCCUUUUCGCGUCCGUGGCGUUAUCGCGCUGCGGCCGGCGCGCCCUUUUUUUUUUCUCCUUUUGCGCGCGUUUUCCCGCGUUCGUCGGGCCUUUUGGCCCGUCGUUUCGCGGGUGCCGCCGGUUGCUUUUUUGCUCCGGCGGCUUUUCCGGGUUCCCGUUUUUUCCUCCGCCCUUUUUUUUGCCGUUCCCGCCGCGUUUUUCGCGGCGGGCGGCUUUUUUUUUUGGGGGCGGUUUUUUUCCGCCCCCUUUUGGCGGGCUUUUUUUUGCCCGCCUGCGCUUGUGCGCUUUGGGCGGUGGUUUGGCGGGUUUGCGCCUUUUGGCGCUCCUGCCUUGCCGGGCCCGCCGGGGUUUUUCCCCGGCGUUCGGGGGGGUUUUUUUUGCGUUUGCGCCCUUGCGCCUCGGGGUUGCCUUGCGGUUCCGUCGCCUUUUUUGGCGUCGUUGUUCCGCUUGGCUUUCCCCGUGGCGCUUUUUGCCGUCUGGCCCCCGCGUCUUGGGCGGCCUUUUGGCGGCGCUUUUUGCGCCGCCUUGGCCGCCCUUUGGCGCGGGUUUGGCGGUCUUGUGGCCCGCGGCUCCGCUUCGGGGUGCCUUUUUUGGCUCUCCCGUUGCGGUGCCUUUUUUUCGUUUUCGUGCGGGCCUCUUGUCCGCCUUGGCCUGUCGGCAUUCCGGCCCCUUCCUUUCGCUUUUUUUUUUAGCGGGUUGGGGCCGGUUUUUUGGGCGCCGCUUUGUUCGCGGCCCCCUUUUUGGGGGCCGCGUUCCCCCCCCGUCGGUUUUCCGUUUUUGGCCCGGCUUUUGGGUGUUUUCACCCUUUUUUUUUUUUUUUCGGGUUCUCGGUUUUUUUUCGCGCGCCGGGGUUGCGGUUUUCCGGCCUUUGCCCUUUUUCCCUUUUGGGUUUUGGGCUUUUUUUGAGGUUUCCGCCGUGCGGCCCCGUCCCGCCGUUGGUUCGCCCCUCGGCUUUUCCCUGCCCCCUGGUUUUCCUUUGGCCUUUUUUGGCCUUGGGGGCUUGGGUUUUUCCGGGCGCCGCUUUCCCCCGUUUUUACGGGGGUGCGUGCGCCCGGUUUUGCCGGGGGCGUUCCUUUCGGCGGGUUCGGGGCUCGCUUCGGCGGUUCCUCUGGCCGGUUUCCGCUUCCCCGUUUGGAGUUUCCCGGGCUUUUUGCUUUCCUUGGGGUUUUCCCCUUGGUUUGCUGUUUUGCCCGGGGGGCUGCGCUCGGCCGCGCGCGUCGCCCGGUCGCGUGGCCGCCUCCGCUGGCUCGGCCCGCGUUUUUCGCGGGCCGUUUUUUU,-824.200012207,1.0,1,A
3,1398,..((((((..((.....(((((....(((((((((((((.....(((.((.(((((.......((((...(((......((.((((..((((..(((((((((((((((..((((((....))))))...)))))))...(((((((.((((......)))))))))))....((....)).))))))))..((((((.(((((((((((((..(((((((((.....)))))))))))))..))))))).))))))))...))))..))))))....(((((.(((.....)))))))).((((....))))..)))..))))....((((((...(((((....))))).))))))..))))))).)))...))).))))))))))(((((((((.......)))))))))....)))))((((....((((((((.((....)))))...)))))..)))).))..))))))..........(((((....(((((.(.((((((((((((.(((((((((....((((((((.....))))))))..)))))))))..))))))))...(((((.(....((((((((((.((((((((((((((........)))).)))))))))).))).......((....)).)))))))....).)))))..)))).).))))).))))).(((..((...((((((((((...((((((.(((((((((((...(((.(((((((.((..((((((((((.....))))))))))..))...((....))....))))))).(((((.......(((((....)))))..((((((((((.((.((((..((((.........(((((((((((((((............)))).))))).)).))))...(((((((((........(((.(((((...))))).)))....((((((.....))))))...))))))))).))))...)))).))...)))).)))))))))))...)))..((.(((((((((((((.(((..((((((((....)))))))))))..)))))))..((.(((((.....))))).))...((((((((........))))))))((((.(......).))))....))))))))...)))))))))))...(((((((..((((....))))..)))..))))....)))))))).))))))))..(((((((........))))))).((...(((....((((...((((((((.......))))))))...))))....(((.....)))....)))....))..))..)))..((((((((.((((..((((((((((....))))))))))..))))))))))))...,UUCGGGGCUUCCUUUUUCCGGCUUUUCCCCGGCGGGCCGUUUUUGCGUGCUCCGGGUUUUGUUGGCCUUUCCCUUUUUUCGUCGGCUUGCCCUUGGCCCGGGCCGCGGCUUGGCCGCUUUUGCGGCCUUUGCCGCGGUUUCCCGCCCUGGGGUUUUUUCCCCGGGCGGGUUUUGGUUUUCCUCCCGGGCCUUGGCGCGUGCCGGCGGGGGCGUUGCCGGGCGCUUUUUGCGCCCGGCCGCCUUCCCGCCGUGCCGCGCCUUUGGGCUUGCCGCGUUUUCGGCCUCCGUUUUUCGGGGCCGUGCCCUUUUGGGCUUGGGUUGGCCUUUUCGCCGCUUUCGCCGUUUUCGGCGUGCGGCGUUCCCGGGCUCGCUUUCGGUCCCGCCGGGGGCGGGCCGCUUUUUUUGCGGCCCGCUUUUGCCGGGCGCUUUUGCGGGCGCUCCUUUUGGGCGUUUCCCGCUUGCGCUGGUUGCCCCGUUUUUUUUUUGCCGCUUUUCCGGCUGUGCGGCGGGCCCGUCGCCGGCGCUUUUGGCGGCCCUUUUUGGGCCGCCUUGCGCCGGCGUUCGGGCCCGUUUGACGCUGUUUUGCCGGGGGCGUGCGGGCGCCCCCGGUUUUUUUUCCGGUGGGCGCCCGCUCGCUUUUUUUCCUUUUGGUCCCCGGCUUUUCUGCGUCUUCCGCUCUGCCGGUGCGGCUCGGUUGGUUUGGGGCCGGCCUUUCCGCGGUCGGGCGCAGGGUUUGCCUGCGCGGCUCCUUGGGGGCCCCGUUUUUCGGGGCCCCCUUGGUUUCCUUUUGGUUUUGCCGCGCUGCCGGUUUUUUUCGAAGUUUUCUUCGUUGCCCCCGGCCUGGUGGCCUUGCCGUUUUUUUUUGCCGGCCGGGCGCGCUUUUUUUUUUUUGCGCUGCCCGUGCUCGGCUUUCCGGCCCCCUUUUUUUUGGGUGCGGCUUUGCCGCUCCCUUUUGGCGGCUUUUUGCCGCCUUUGGGGGCCGGUCGGCUUUGGCCUCCUUUGGCCUGGGGGCCCGGCUUUGGCUUGGUGCCCCCCCCGGGCUCCGUUCGGGGCCGUUUUCGGCCCCGCGGUUGCCCGGGUUGGUCGCGCUUUUUGCGCGUCCUUUGGCGCGGCUUUUUUUUGCCGCGCCGCGGUGUUUUUUCUCCGCUUUUGGGGGCCCUUUCCCUGCGCCCGUUUCGCGGCGUUCGCCUUUUGGCGUUCGCUUCGCGUUUUCCGCGGGGUCCGGCCCCUUGGGCCCGUUUUUUUUCGGGCCCUGCUUUCCCUUUUCGGCUUUGCCCCGGGUUUUUUUCCCGGGGCUUUGCCGUUUUCCGUUUUUCGGUUUUGGGUUUUGCUUCCUUCCGUUGCCGCGGCUGCCCUUGCGCCGGCCCUUUUGGGCCGGCGCUUGGGCGCCGCGGCUUU,-926.900024414,1.0,1,A
15,1475,.....(((.(((((.((((.((..........((((((((.((((..((((((((..((.....((((((....))))))..((((((..((((((((((((.(((((((.((...(((((((((((((((..((((((....))))))...)))))))...(((((((.((((......)))))))))))....(((....)))))))))))...(((((((.(((((((((((..((((((((.......))))))))))))..))))))).(((.((((....))))..((((((...(((.(((((.(((....((((((.(((.((((((((.....))))....((((((...(((((....))))).))))))...))))...((((((((...)))))))).((((((((((.......))))))))))..))).))))))..)))))))))))....))).)))....))))))))))....))))))))))))))))))))).....(((((...((((((((((((((((((((((....(((((((.....)))))))...))))))))...((((.((((((((.((((...((((((.((((.((((((((((((((........)))).))))))))))..((((((((.......((.(((.((..(...((((...(((((..(((((....(((.(((...................))).))).))))).)))))..)))).(((((((.((..((((((((((.....))))))))))..))...((....))....)))))))..(((...((((.(((((....)))))..))))..)))..)..)).)))..))......)))))))).)))).))))))..)))).))))).))).)))).))))))..))))..)))).)))))..(((.(((((...))))).)))....))))))...))...)))))))).(((((..((((((.((....))...((((......))))..))))))..(.(((((.(((((((.(((..((((((((....)))))))))))..)))))))..((.(((((.....))))).)).....)))))).))))).)))).)...))))))).(((((((((((((..((((((....(((((((((.....(((((((..((((....))))..)))..)))).....)))))))))..(((((..(((((((........))))))).....)))))...((((...((((((((.......))))))))...))))....(((.....)))......))))))..((((.(((..(((((((((((((..((((((((((....))))))))))..)))))))))))))..))).)))).............)))))).))))))).)).)))).))))))))...,UUUUUGGCUCGGGGUGGGCUGCUUUUUUUUUUCGGCCGGCUCCGCUUCCCGGGCGUUCCUUUUUGCGGCCUUUUGGCCGCUUCGCGCGUUCCCGCCGCGCCGUGCCCGCGUGGUUUGGGGGCGCCCGGCGCUUGCCCCCUUUUGGGGGCUUUGCGCCGGUUUCCCCGCCUCCCCUUUUUUGGGGGGCGGGGUUUUGGGUUUUCCCGCGCCCCCUUUCGCCCCCUCCCCGGCGGCGUUGGCGCCCGUUUUUUUCGGGCGCCCGCCUUGCCGGGGUGCCUGGCGUUUUCGCCUUGCCCGGUUUGGGUCCGGGUCCGUUUUGGCCCCUGGCUCCCGGGCCUUUUUGGCCUUUUCGCCCCUUUGCCCCUUUUGGGGCUGGGGCGUUUCGGGUUUCGGGCGGGUUUCCCGCCCGUCGCGGGCCCCUUUUUUUGGGGCCCGCGUUGCCUGGGGCCUUCGGCCCGGCCCUUUUCCGUGGCUUUUGGCGGGGGCGUUUUCCCGCGGGCCGGCGCGGCGGGUUUUUCGCCCUUUGCCGCCCGGCCGCCGGCGCCGCUUUUCCCCCGCUUUUUGCGGGGGUUUGCGGCGCCUUUGGCCUGGGCCGCCUGCCCUUUGCGCGCUGCGGUCCCCCGGGGCCCGCUUUUUUUUGCGGUGCCCCGGGGGUUCCGCCGGCUUUUUUUCGUCGGUGGUUCUUUGCGGUGUGCGGCUUCGGGGUUUUGCCUCGCUUUUUUUUUUUUUUUUUUUGCGUGGCUCCCCGUGCCGCUUCCGCUGGCGCGCUCGUUCCGCGCGCGCUUUUUGCGCGCGCGGUUCGUUUCGUUUUCGUUUUGCGCGCCUUCCGUUUGGCGUGCGGGUUUUCCCGCUUCGCCUUCGGUUGUUCCUCCGUUCGUUUUUUGCCGGCGGUCCGCUGCGCGCUUGGGCUGGCGGUCCCUGGCCUGGCGGCUUCGGGUUCGGCUGGGCGUUCGCUGCGGGUUUCCCGCUGCGUUUUCGCGCGUUUGGUUUCGCCCGGGUCCGCGUUGCCCCCUCCUUUUGGUUUCCCGUUUUUUCGGGUUGGGGGCUUGUCCGCCUGCGCCGCUCCGUUGGCCGGCGUUUUCGCCGGCCCGGUUGCGGCGCUUGGUGGCGCUUUUUGCGCCUCCUUUUUGGCGGCUCGCGGUGCGGUGUUUCCGGCCGUGGCGGGCCCCCCGUUGCGGCCUUUUCCCGCGCCGUUUUUGGGGGGCUUGCGGUUUUCCGCUUGCCUUCCCCUUUUUCGGCGCGGGUUGCCGGUUCGCCCGCUUUUUUUUGCGGGCGUUUUUCCGGCUUUGCCGUUUCGCGCCGCUUUUUUUGCGGCGCGUUUCGGCUUUUGGGUUUUUCCCUUUUUUGGCCGCUUCGCGUCCGUUCCCGCCCGGCGCGUUGGCGGCCCGCUUUUGCGGGCCGCCUUCGCGCCGGGCGGGUUCGGUCGCGUUUUUUUUUUUUUCGGGGGUGCCCGCCUGCUGCCCUCCCCGGCCUUU,-1007.09997559,1.0,1,A
